Customer_ID,Customer_Name,Gender,Age,City,State,Region,Customer_Segment,Registration_Date
C10001,Customer 0001,Female,45,Mumbai,Mumbai,West,Small Business,2022-11-30
C10002,Customer 0002,Female,46,Kolkata,Kolkata,East,Corporate,2024-12-25
C10003,Customer 0003,Female,18,Lucknow,Lucknow,North,Consumer,2023-06-04
C10004,Customer 0004,Male,45,Pune,Pune,West,Consumer,2023-01-28
C10005,Customer 0005,Male,25,Thiruvananthapuram,Thiruvananthapuram,South,Consumer,2025-09-28
C10006,Customer 0006,Male,43,Thiruvananthapuram,Thiruvananthapuram,South,Consumer,2023-11-22
C10007,Customer 0007,Male,33,Kochi,Kochi,South,Small Business,2022-09-13
C10008,Customer 0008,Male,34,Kolkata,Kolkata,East,Consumer,2025-03-17
C10009,Customer 0009,Female,32,Surat,Surat,West,Small Business,2021-07-01
C10010,Customer 0010,Male,47,New Delhi,New Delhi,North,Consumer,2022-11-17
C10011,Customer 0011,Male,20,Kochi,Kochi,South,Small Business,2022-11-12
C10012,Customer 0012,Male,41,Kolkata,Kolkata,East,Consumer,2021-09-05
C10013,Customer 0013,Female,46,Jaipur,Jaipur,North,Consumer,2022-09-12
C10014,Customer 0014,Male,42,Thiruvananthapuram,Thiruvananthapuram,South,Consumer,2024-08-13
C10015,Customer 0015,Female,60,Hyderabad,Hyderabad,South,Consumer,2025-12-05
C10016,Customer 0016,Male,28,Hyderabad,Hyderabad,South,Consumer,2021-01-30
C10017,Customer 0017,Female,45,Kochi,Kochi,South,Corporate,2024-08-18
C10018,Customer 0018,Female,33,Pune,Pune,West,Consumer,2025-02-08
C10019,Customer 0019,Male,48,Surat,Surat,West,Corporate,2023-05-23
C10020,Customer 0020,Male,34,Thiruvananthapuram,Thiruvananthapuram,South,Consumer,2023-08-06
C10021,Customer 0021,Male,30,Surat,Surat,West,Consumer,2024-10-07
C10022,Customer 0022,Male,48,Hyderabad,Hyderabad,South,Small Business,2023-09-12
C10023,Customer 0023,Female,29,Bengaluru,Bengaluru,South,Consumer,2025-02-14
C10024,Customer 0024,Female,18,Mumbai,Mumbai,West,Consumer,2021-11-13
C10025,Customer 0025,Female,28,Pune,Pune,West,Consumer,2023-01-07
C10026,Customer 0026,Female,41,Chandigarh,Chandigarh,North,Consumer,2024-11-21
C10027,Customer 0027,Male,49,Bengaluru,Bengaluru,South,Small Business,2024-01-18
C10028,Customer 0028,Male,35,Ahmedabad,Ahmedabad,West,Consumer,2024-06-11
C10029,Customer 0029,Female,49,Pune,Pune,West,Consumer,2021-06-17
C10030,Customer 0030,Male,19,Thiruvananthapuram,Thiruvananthapuram,South,Corporate,2023-01-13
C10031,Customer 0031,Female,29,Ahmedabad,Ahmedabad,West,Consumer,2021-05-06
C10032,Customer 0032,Male,31,Kochi,Kochi,South,Consumer,2022-07-27
C10033,Customer 0033,Male,33,Kochi,Kochi,South,Small Business,2021-04-30
C10034,Customer 0034,Other,35,Ranchi,Ranchi,East,Consumer,2024-12-22
C10035,Customer 0035,Male,42,Kolkata,Kolkata,East,Corporate,2023-10-06
C10036,Customer 0036,Other,29,Lucknow,Lucknow,North,Consumer,2024-04-28
C10037,Customer 0037,Female,36,Bengaluru,Bengaluru,South,Corporate,2025-07-15
C10038,Customer 0038,Female,34,Hyderabad,Hyderabad,South,Small Business,2024-12-22
C10039,Customer 0039,Female,24,Lucknow,Lucknow,North,Consumer,2022-07-14
C10040,Customer 0040,Female,33,Mumbai,Mumbai,West,Consumer,2024-05-10
C10041,Customer 0041,Female,32,Chennai,Chennai,South,Consumer,2023-12-19
C10042,Customer 0042,Male,32,Mumbai,Mumbai,West,Corporate,2022-11-28
C10043,Customer 0043,Male,34,Chennai,Chennai,South,Consumer,2021-08-11
C10044,Customer 0044,Female,35,Kolkata,Kolkata,East,Consumer,2025-02-24
C10045,Customer 0045,Male,29,Hyderabad,Hyderabad,South,Consumer,2023-11-01
C10046,Customer 0046,Male,48,Lucknow,Lucknow,North,Small Business,2023-03-04
C10047,Customer 0047,Male,21,Hyderabad,Hyderabad,South,Consumer,2025-09-21
C10048,Customer 0048,Female,26,Ahmedabad,Ahmedabad,West,Consumer,2025-03-16
C10049,Customer 0049,Female,65,Pune,Pune,West,Consumer,2023-03-25
C10050,Customer 0050,Male,23,Kochi,Kochi,South,Consumer,2021-11-06
C10051,Customer 0051,Female,19,Kolkata,Kolkata,East,Consumer,2023-10-09
C10052,Customer 0052,Female,42,Jaipur,Jaipur,North,Consumer,2023-01-19
C10053,Customer 0053,Female,18,Patna,Patna,East,Small Business,2023-11-24
C10054,Customer 0054,Female,31,Kolkata,Kolkata,East,Small Business,2023-10-16
C10055,Customer 0055,Female,58,Pune,Pune,West,Consumer,2024-09-25
C10056,Customer 0056,Male,18,Kolkata,Kolkata,East,Consumer,2025-07-29
C10057,Customer 0057,Female,18,Chennai,Chennai,South,Consumer,2022-04-26
C10058,Customer 0058,Male,18,Bengaluru,Bengaluru,South,Consumer,2022-07-28
C10059,Customer 0059,Female,44,Chennai,Chennai,South,Consumer,2023-04-05
C10060,Customer 0060,Other,46,Bengaluru,Bengaluru,South,Consumer,2025-10-29
C10061,Customer 0061,Male,28,Pune,Pune,West,,2024-01-22
C10062,Customer 0062,Male,42,Bengaluru,Bengaluru,South,Corporate,2022-09-20
C10063,Customer 0063,Female,49,Lucknow,Lucknow,North,Corporate,2024-03-02
C10064,Customer 0064,Male,54,Thiruvananthapuram,Thiruvananthapuram,South,Consumer,2023-04-24
C10065,Customer 0065,Female,31,Bengaluru,Bengaluru,South,Consumer,2023-09-16
C10066,Customer 0066,Male,18,Mumbai,Mumbai,West,Small Business,2022-02-23
C10067,Customer 0067,Male,25,Hyderabad,Hyderabad,South,Small Business,2025-01-31
C10068,Customer 0068,Female,29,Jaipur,Jaipur,North,Consumer,2025-01-07
C10069,Customer 0069,Female,31,Hyderabad,Hyderabad,South,Consumer,2025-09-25
C10070,Customer 0070,Female,32,Bhubaneswar,Bhubaneswar,East,Consumer,2021-01-30
C10071,Customer 0071,Male,46,Jaipur,Jaipur,North,Consumer,2021-10-25
C10072,Customer 0072,Female,48,Chennai,Chennai,South,Consumer,2023-12-21
C10073,Customer 0073,Female,32,Chennai,Chennai,South,Consumer,2022-04-03
C10074,Customer 0074,Female,46,Lucknow,Lucknow,North,Consumer,2021-10-31
C10075,Customer 0075,Female,38,Jaipur,Jaipur,North,Consumer,2023-08-16
C10076,Customer 0076,Female,35,Lucknow,Lucknow,North,Consumer,2021-12-06
C10077,Customer 0077,Male,44,New Delhi,New Delhi,North,Small Business,2022-03-24
C10078,Customer 0078,Male,35,Thiruvananthapuram,Thiruvananthapuram,South,Consumer,2024-08-18
C10079,Customer 0079,Female,57,Kochi,Kochi,South,Consumer,2023-05-31
C10080,Customer 0080,Male,18,Bengaluru,Bengaluru,South,Consumer,2022-06-24
C10081,Customer 0081,Female,28,Ranchi,Ranchi,East,Consumer,2022-04-30
C10082,Customer 0082,Male,33,Ahmedabad,Ahmedabad,West,Consumer,2021-03-18
C10083,Customer 0083,Female,39,Kochi,Kochi,South,Consumer,2025-07-15
C10084,Customer 0084,Female,48,Thiruvananthapuram,Thiruvananthapuram,South,Consumer,2022-05-30
C10085,Customer 0085,Male,34,Hyderabad,Hyderabad,South,Consumer,2025-04-22
C10086,Customer 0086,Male,18,Bengaluru,Bengaluru,South,Consumer,2023-08-02
C10087,Customer 0087,Male,43,Jaipur,Jaipur,North,Corporate,2022-10-21
C10088,Customer 0088,Female,42,Chandigarh,Chandigarh,North,Consumer,2021-04-02
C10089,Customer 0089,Female,18,Ranchi,Ranchi,East,Consumer,2025-12-14
C10090,Customer 0090,Male,34,Surat,Surat,West,Consumer,2022-04-11
C10091,Customer 0091,Female,18,Thiruvananthapuram,Thiruvananthapuram,South,Consumer,2022-04-11
C10092,Customer 0092,Male,27,Lucknow,Lucknow,North,Consumer,2025-06-11
C10093,Customer 0093,Male,24,Jaipur,Jaipur,North,Consumer,2023-11-30
C10094,Customer 0094,Female,43,Pune,Pune,West,Small Business,2022-11-21
C10095,Customer 0095,Male,35,Lucknow,Lucknow,North,Small Business,2024-09-14
C10096,Customer 0096,Male,20,Surat,Surat,West,Consumer,2024-08-01
C10097,Customer 0097,Male,44,Surat,Surat,West,Small Business,2023-08-05
C10098,Customer 0098,Male,18,Ahmedabad,Ahmedabad,West,Consumer,2022-07-08
C10099,Customer 0099,Male,38,Thiruvananthapuram,Thiruvananthapuram,South,Small Business,2025-12-26
C10100,Customer 0100,Male,25,Thiruvananthapuram,Thiruvananthapuram,South,Consumer,2023-12-26
C10101,Customer 0101,Female,30,Hyderabad,Hyderabad,South,Consumer,2025-07-18
C10102,Customer 0102,Male,40,Chandigarh,Chandigarh,North,Consumer,2025-08-08
C10103,Customer 0103,Female,40,Kochi,Kochi,South,Consumer,2025-07-14
C10104,Customer 0104,Male,49,Mumbai,Mumbai,West,Corporate,2021-04-19
C10105,Customer 0105,Male,33,Kolkata,Kolkata,East,Small Business,2024-12-09
C10106,Customer 0106,Female,37,Thiruvananthapuram,Thiruvananthapuram,South,Consumer,2021-04-02
C10107,Customer 0107,Female,29,Pune,Pune,West,Corporate,2023-09-30
C10108,Customer 0108,Male,36,Chandigarh,Chandigarh,North,Corporate,2022-01-03
C10109,Customer 0109,Female,39,Hyderabad,Hyderabad,South,Consumer,2023-03-31
C10110,Customer 0110,Female,33,Kochi,Kochi,South,Consumer,2022-02-27
C10111,Customer 0111,Female,18,Chennai,Chennai,South,Consumer,2022-07-26
C10112,Customer 0112,Female,38,Chennai,Chennai,South,Consumer,2023-05-12
C10113,Customer 0113,Male,38,Ranchi,Ranchi,East,Consumer,2025-10-29
C10114,Customer 0114,Male,27,Lucknow,Lucknow,North,Consumer,2024-06-17
C10115,Customer 0115,Female,20,New Delhi,New Delhi,North,Consumer,2022-03-11
C10116,Customer 0116,Male,50,Kolkata,Kolkata,East,Consumer,2021-07-31
C10117,Customer 0117,Female,39,Lucknow,Lucknow,North,Small Business,2024-11-24
C10118,Customer 0118,Male,31,Bengaluru,Bengaluru,South,Consumer,2025-06-22
C10119,Customer 0119,Male,21,Kolkata,Kolkata,East,Consumer,2022-06-10
C10120,Customer 0120,Female,25,,Ahmedabad,West,Consumer,2025-10-20
C10121,Customer 0121,Male,48,Chandigarh,Chandigarh,North,Consumer,2022-04-13
C10122,Customer 0122,Female,36,Bhubaneswar,Bhubaneswar,East,Consumer,2024-04-08
C10123,Customer 0123,Female,28,Chennai,Chennai,South,Consumer,2023-03-03
C10124,Customer 0124,Female,40,Kochi,Kochi,South,Consumer,2023-05-25
C10125,Customer 0125,Female,25,Bengaluru,Bengaluru,South,Consumer,2021-07-29
C10126,Customer 0126,Female,51,Pune,Pune,West,Consumer,2021-09-13
C10127,Customer 0127,Female,49,New Delhi,New Delhi,North,Consumer,2025-09-03
C10128,Customer 0128,Female,29,Patna,Patna,East,Consumer,2021-03-14
C10129,Customer 0129,Male,27,Hyderabad,Hyderabad,South,Consumer,2021-05-27
C10130,Customer 0130,Male,18,Pune,Pune,West,Consumer,2024-09-25
C10131,Customer 0131,Male,18,Pune,Pune,West,Consumer,2021-11-13
C10132,Customer 0132,Male,19,Bengaluru,Bengaluru,South,Corporate,2025-06-30
C10133,Customer 0133,Female,35,Thiruvananthapuram,Thiruvananthapuram,South,Consumer,2022-08-29
C10134,Customer 0134,Female,30,Hyderabad,Hyderabad,South,Corporate,2022-07-29
C10135,Customer 0135,Female,19,Kolkata,Kolkata,East,Corporate,2024-03-23
C10136,Customer 0136,Male,31,Hyderabad,Hyderabad,South,Consumer,2024-07-02
C10137,Customer 0137,Female,40,Ahmedabad,Ahmedabad,West,Consumer,2024-10-06
C10138,Customer 0138,Male,40,Chandigarh,Chandigarh,North,Consumer,2022-07-01
C10139,Customer 0139,Female,18,Mumbai,Mumbai,West,Consumer,2023-04-15
C10140,Customer 0140,Female,33,Kolkata,Kolkata,East,Consumer,2021-11-08
C10141,Customer 0141,Male,19,Patna,Patna,East,Consumer,2023-03-19
C10142,Customer 0142,Male,44,Bengaluru,Bengaluru,South,Consumer,2023-02-04
C10143,Customer 0143,Male,43,Pune,Pune,West,Consumer,2025-08-20
C10144,Customer 0144,Female,24,Kochi,Kochi,South,Corporate,2021-05-14
C10145,Customer 0145,Female,26,Thiruvananthapuram,Thiruvananthapuram,South,Consumer,2023-08-06
C10146,Customer 0146,Female,29,Hyderabad,Hyderabad,South,Small Business,2024-02-27
C10147,Customer 0147,Male,18,Mumbai,Mumbai,West,Small Business,2022-03-12
C10148,Customer 0148,Male,38,Mumbai,Mumbai,West,Small Business,2024-07-27
C10149,Customer 0149,Female,31,Chennai,Chennai,South,Corporate,2021-12-24
C10150,Customer 0150,Female,45,Kochi,Kochi,South,Consumer,2023-07-19
C10151,Customer 0151,Male,22,Bhubaneswar,Bhubaneswar,East,Consumer,2023-06-02
C10152,Customer 0152,Male,27,,Thiruvananthapuram,South,Consumer,2021-09-09
C10153,Customer 0153,Female,18,Chennai,Chennai,South,Consumer,2021-05-15
C10154,Customer 0154,Male,23,Pune,Pune,West,Corporate,2022-06-07
C10155,Customer 0155,Male,21,Patna,Patna,East,Small Business,2023-03-15
C10156,Customer 0156,Male,45,Hyderabad,Hyderabad,South,Consumer,2022-10-22
C10157,Customer 0157,Female,26,Chandigarh,Chandigarh,North,Consumer,2021-11-15
C10158,Customer 0158,Female,35,Jaipur,Jaipur,North,Consumer,2021-03-21
C10159,Customer 0159,Female,30,Hyderabad,Hyderabad,South,Consumer,2024-04-29
C10160,Customer 0160,Female,20,Jaipur,Jaipur,North,Consumer,2025-01-16
C10161,Customer 0161,Female,32,Ahmedabad,Ahmedabad,West,Consumer,2024-09-29
C10162,Customer 0162,Male,41,Chandigarh,Chandigarh,North,Corporate,2023-11-20
C10163,Customer 0163,Female,21,Lucknow,Lucknow,North,Consumer,2022-02-18
C10164,Customer 0164,Male,43,Surat,Surat,West,Small Business,2022-01-03
C10165,Customer 0165,Female,25,Hyderabad,Hyderabad,South,Consumer,2023-10-04
C10166,Customer 0166,Male,29,Chandigarh,Chandigarh,North,Corporate,2025-10-31
C10167,Customer 0167,Male,40,Kochi,Kochi,South,Consumer,2023-09-20
C10168,Customer 0168,Male,27,Thiruvananthapuram,Thiruvananthapuram,South,Corporate,2022-08-19
C10169,Customer 0169,Male,34,Thiruvananthapuram,Thiruvananthapuram,South,Consumer,2025-03-06
C10170,Customer 0170,Male,31,Mumbai,Mumbai,West,Consumer,2025-08-13
C10171,Customer 0171,Male,35,Lucknow,Lucknow,North,Consumer,2023-10-15
C10172,Customer 0172,Other,18,Kochi,Kochi,South,Small Business,2022-12-02
C10173,Customer 0173,Male,18,Pune,Pune,West,Consumer,2023-11-11
C10174,Customer 0174,Female,41,Hyderabad,Hyderabad,South,Consumer,2022-07-03
C10175,Customer 0175,Female,45,Jaipur,Jaipur,North,Consumer,2021-09-03
C10176,Customer 0176,Other,24,Kochi,Kochi,South,Consumer,2021-10-10
C10177,Customer 0177,Female,31,New Delhi,New Delhi,North,Corporate,2022-09-06
C10178,Customer 0178,Female,37,Mumbai,Mumbai,West,Consumer,2023-07-20
C10179,Customer 0179,Male,42,Bhubaneswar,Bhubaneswar,East,Consumer,2023-03-17
C10180,Customer 0180,Male,18,Kochi,Kochi,South,Small Business,2021-08-20
C10181,Customer 0181,Male,24,Kochi,Kochi,South,Corporate,2021-11-12
C10182,Customer 0182,Female,30,Bengaluru,Bengaluru,South,Small Business,2023-04-18
C10183,Customer 0183,Female,42,Kolkata,Kolkata,East,Consumer,2025-12-29
C10184,Customer 0184,Male,61,Bhubaneswar,Bhubaneswar,East,Consumer,2024-09-21
C10185,Customer 0185,Male,31,Bengaluru,Bengaluru,South,Consumer,2022-02-15
C10186,Customer 0186,Female,19,Chandigarh,Chandigarh,North,Corporate,2021-09-02
C10187,Customer 0187,Male,38,Jaipur,Jaipur,North,Consumer,2022-01-22
C10188,Customer 0188,Female,49,Pune,Pune,West,Consumer,2022-11-20
C10189,Customer 0189,Female,35,Surat,Surat,West,Consumer,2025-10-15
C10190,Customer 0190,Female,24,Thiruvananthapuram,Thiruvananthapuram,South,Consumer,2021-12-24
C10191,Customer 0191,Female,45,Chennai,Chennai,South,Corporate,2023-10-19
C10192,Customer 0192,Female,41,Ranchi,Ranchi,East,Consumer,2022-09-06
C10193,Customer 0193,Female,23,Bhubaneswar,Bhubaneswar,East,Consumer,2023-03-09
C10194,Customer 0194,Female,38,New Delhi,New Delhi,North,Small Business,2021-01-22
C10195,Customer 0195,Female,45,Kochi,Kochi,South,Consumer,2021-01-19
C10196,Customer 0196,Male,47,Chennai,Chennai,South,Consumer,2024-08-03
C10197,Customer 0197,Male,33,Lucknow,Lucknow,North,Small Business,2021-10-03
C10198,Customer 0198,Male,30,Ranchi,Ranchi,East,Small Business,2022-10-21
C10199,Customer 0199,Male,48,Ranchi,Ranchi,East,Consumer,2023-06-17
C10200,Customer 0200,Female,21,Chandigarh,Chandigarh,North,Consumer,2022-07-06
C10201,Customer 0201,Female,39,New Delhi,New Delhi,North,Consumer,2022-11-10
C10202,Customer 0202,Male,19,Kochi,Kochi,South,Corporate,2022-08-26
C10203,Customer 0203,Male,46,Kochi,Kochi,South,Corporate,2024-01-01
C10204,Customer 0204,Female,31,Ranchi,Ranchi,East,Consumer,2021-12-31
C10205,Customer 0205,Male,48,Ahmedabad,Ahmedabad,West,Consumer,2023-03-06
C10206,Customer 0206,Male,39,Kochi,Kochi,South,Consumer,2024-09-20
C10207,Customer 0207,Female,21,Thiruvananthapuram,Thiruvananthapuram,South,Consumer,2022-10-14
C10208,Customer 0208,Female,50,Jaipur,Jaipur,North,Consumer,2025-11-10
C10209,Customer 0209,Male,51,Thiruvananthapuram,Thiruvananthapuram,South,Corporate,2022-08-13
C10210,Customer 0210,Male,44,Hyderabad,Hyderabad,South,Consumer,2021-07-18
C10211,Customer 0211,Male,26,Surat,Surat,West,Consumer,2021-01-17
C10212,Customer 0212,Female,31,Jaipur,Jaipur,North,Consumer,2021-08-06
C10213,Customer 0213,Female,36,Chandigarh,Chandigarh,North,Consumer,2023-01-11
C10214,Customer 0214,Male,26,Thiruvananthapuram,Thiruvananthapuram,South,Consumer,2022-10-12
C10215,Customer 0215,Female,53,Lucknow,Lucknow,North,Consumer,2021-05-27
C10216,Customer 0216,Female,36,Chennai,Chennai,South,Consumer,2024-05-18
C10217,Customer 0217,Male,18,Thiruvananthapuram,Thiruvananthapuram,South,Consumer,2022-11-01
C10218,Customer 0218,Female,38,New Delhi,New Delhi,North,Consumer,2024-12-08
C10219,Customer 0219,Female,30,Chandigarh,Chandigarh,North,Corporate,2022-10-27
C10220,Customer 0220,Male,33,New Delhi,New Delhi,North,Consumer,2023-05-06
C10221,Customer 0221,Male,30,New Delhi,New Delhi,North,Consumer,2021-11-26
C10222,Customer 0222,Female,43,Mumbai,Mumbai,West,Corporate,2023-06-14
C10223,Customer 0223,Female,46,Kochi,Kochi,South,Consumer,2024-10-07
C10224,Customer 0224,Female,37,Pune,Pune,West,Small Business,2024-04-01
C10225,Customer 0225,Female,30,Thiruvananthapuram,Thiruvananthapuram,South,Consumer,2021-04-11
C10226,Customer 0226,Female,34,Chennai,Chennai,South,Corporate,2021-11-23
C10227,Customer 0227,Male,34,Ranchi,Ranchi,East,Small Business,2021-11-23
C10228,Customer 0228,Female,25,Surat,Surat,West,Corporate,2024-03-24
C10229,Customer 0229,Male,40,Bhubaneswar,Bhubaneswar,East,Consumer,2021-01-10
C10230,Customer 0230,Male,39,Chandigarh,Chandigarh,North,Consumer,2021-12-19
C10231,Customer 0231,Female,51,New Delhi,New Delhi,North,Consumer,2021-07-02
C10232,Customer 0232,Female,48,Pune,Pune,West,Consumer,2022-03-31
C10233,Customer 0233,Male,26,Surat,Surat,West,Corporate,2025-07-28
C10234,Customer 0234,Female,43,Mumbai,Mumbai,West,Consumer,2021-01-06
C10235,Customer 0235,Male,24,Chennai,Chennai,South,Consumer,2024-09-18
C10236,Customer 0236,Male,42,Lucknow,Lucknow,North,Consumer,2024-09-18
C10237,Customer 0237,Male,28,Chennai,Chennai,South,Consumer,2024-07-05
C10238,Customer 0238,Female,23,Bengaluru,Bengaluru,South,Corporate,2021-07-30
C10239,Customer 0239,Female,37,Chandigarh,Chandigarh,North,Corporate,2021-02-20
C10240,Customer 0240,Male,18,Hyderabad,Hyderabad,South,Consumer,2025-01-08
C10241,Customer 0241,Female,18,Ranchi,Ranchi,East,Consumer,2025-08-10
C10242,Customer 0242,Male,32,Bhubaneswar,Bhubaneswar,East,Consumer,2023-10-07
C10243,Customer 0243,Female,35,Bhubaneswar,Bhubaneswar,East,Consumer,2022-01-12
C10244,Customer 0244,Male,30,Ahmedabad,Ahmedabad,West,Small Business,2022-10-02
C10245,Customer 0245,Male,18,Thiruvananthapuram,Thiruvananthapuram,South,Corporate,2025-02-18
C10246,Customer 0246,Female,25,Kolkata,Kolkata,East,Consumer,2023-02-09
C10247,Customer 0247,Male,38,Mumbai,Mumbai,West,Consumer,2023-12-11
C10248,Customer 0248,Male,40,Patna,Patna,East,Consumer,2021-06-03
C10249,Customer 0249,Female,34,Kolkata,Kolkata,East,Consumer,2022-08-05
C10250,Customer 0250,Female,47,Kolkata,Kolkata,East,Consumer,2023-02-27
C10251,Customer 0251,Male,38,Hyderabad,Hyderabad,South,Consumer,2023-03-02
C10252,Customer 0252,Male,26,Surat,Surat,West,Consumer,2024-08-26
C10253,Customer 0253,Male,31,Bhubaneswar,Bhubaneswar,East,Consumer,2024-11-23
C10254,Customer 0254,Female,19,Kochi,Kochi,South,Consumer,2021-05-14
C10255,Customer 0255,Male,33,Hyderabad,Hyderabad,South,Small Business,2021-08-08
C10256,Customer 0256,Female,46,Mumbai,Mumbai,West,Corporate,2021-06-12
C10257,Customer 0257,Other,42,Bhubaneswar,Bhubaneswar,East,Consumer,2023-08-29
C10258,Customer 0258,Male,49,New Delhi,New Delhi,North,Consumer,2022-10-10
C10259,Customer 0259,Male,31,Mumbai,Mumbai,West,Consumer,2022-07-23
C10260,Customer 0260,Male,49,Thiruvananthapuram,Thiruvananthapuram,South,Consumer,2025-03-06
C10261,Customer 0261,Male,32,Surat,Surat,West,Consumer,2023-08-04
C10262,Customer 0262,Female,50,Kolkata,Kolkata,East,Corporate,2022-11-20
C10263,Customer 0263,Male,34,Hyderabad,Hyderabad,South,Consumer,2021-04-25
C10264,Customer 0264,Male,42,Pune,Pune,West,Consumer,2025-03-03
C10265,Customer 0265,Female,50,Kolkata,Kolkata,East,Consumer,2025-02-04
C10266,Customer 0266,Male,32,New Delhi,New Delhi,North,Small Business,2024-03-18
C10267,Customer 0267,Female,36,Chandigarh,Chandigarh,North,Small Business,2024-06-18
C10268,Customer 0268,Male,48,Lucknow,Lucknow,North,Consumer,2021-05-03
C10269,Customer 0269,Female,33,Bengaluru,Bengaluru,South,Consumer,2023-03-15
C10270,Customer 0270,Female,19,Thiruvananthapuram,Thiruvananthapuram,South,Consumer,2023-04-19
C10271,Customer 0271,Female,58,Lucknow,Lucknow,North,Consumer,2023-12-29
C10272,Customer 0272,Female,29,Jaipur,Jaipur,North,Consumer,2023-04-06
C10273,Customer 0273,Male,36,Patna,Patna,East,Consumer,2021-03-04
C10274,Customer 0274,Male,47,Ranchi,Ranchi,East,Consumer,2023-01-03
C10275,Customer 0275,Female,27,Pune,Pune,West,Consumer,2023-11-06
C10276,Customer 0276,Female,23,Ahmedabad,Ahmedabad,West,Consumer,2024-11-14
C10277,Customer 0277,Male,37,Chandigarh,Chandigarh,North,Small Business,2022-08-13
C10278,Customer 0278,Male,18,Lucknow,Lucknow,North,Consumer,2025-07-16
C10279,Customer 0279,Male,31,New Delhi,New Delhi,North,Consumer,2023-08-06
C10280,Customer 0280,Male,37,New Delhi,New Delhi,North,Consumer,2024-07-05
C10281,Customer 0281,Male,31,Ranchi,Ranchi,East,Consumer,2021-08-05
C10282,Customer 0282,Female,18,Hyderabad,Hyderabad,South,Consumer,2022-04-24
C10283,Customer 0283,Male,52,Mumbai,Mumbai,West,Consumer,2024-02-12
C10284,Customer 0284,Male,35,Kochi,Kochi,South,Consumer,2024-11-04
C10285,Customer 0285,Female,50,Pune,Pune,West,Consumer,2025-08-09
C10286,Customer 0286,Female,31,Hyderabad,Hyderabad,South,,2023-09-04
C10287,Customer 0287,Female,24,Ahmedabad,Ahmedabad,West,Consumer,2021-08-25
C10288,Customer 0288,Female,37,Pune,Pune,West,Small Business,2022-04-21
C10289,Customer 0289,Male,32,Bengaluru,Bengaluru,South,Consumer,2022-08-21
C10290,Customer 0290,Female,21,Mumbai,Mumbai,West,Consumer,2025-08-30
C10291,Customer 0291,Female,50,Thiruvananthapuram,Thiruvananthapuram,South,Consumer,2021-05-09
C10292,Customer 0292,Male,27,Bengaluru,Bengaluru,South,Corporate,2022-05-25
C10293,Customer 0293,Female,18,Lucknow,Lucknow,North,Consumer,2021-06-14
C10294,Customer 0294,Female,49,Pune,Pune,West,Corporate,2021-10-04
C10295,Customer 0295,Male,28,Chennai,Chennai,South,Corporate,2021-09-14
C10296,Customer 0296,Male,27,Ahmedabad,Ahmedabad,West,Consumer,2024-03-01
C10297,Customer 0297,Male,18,New Delhi,New Delhi,North,Consumer,2023-09-19
C10298,Customer 0298,Male,53,Hyderabad,Hyderabad,South,Consumer,2022-07-24
C10299,Customer 0299,Male,20,Ahmedabad,Ahmedabad,West,Corporate,2024-07-04
C10300,Customer 0300,Female,35,Kochi,Kochi,South,Consumer,2021-05-21
C10301,Customer 0301,Male,44,Thiruvananthapuram,Thiruvananthapuram,South,Consumer,2022-11-17
C10302,Customer 0302,Female,39,Ahmedabad,Ahmedabad,West,Consumer,2022-11-18
C10303,Customer 0303,Female,33,Mumbai,Mumbai,West,Consumer,2024-05-17
C10304,Customer 0304,Female,18,New Delhi,New Delhi,North,Consumer,2022-12-17
C10305,Customer 0305,Female,25,Jaipur,Jaipur,North,Consumer,2023-10-20
C10306,Customer 0306,Male,36,Patna,Patna,East,Consumer,2025-03-23
C10307,Customer 0307,Male,25,Ahmedabad,Ahmedabad,West,Consumer,2023-12-11
C10308,Customer 0308,Female,36,Hyderabad,Hyderabad,South,Consumer,2025-03-07
C10309,Customer 0309,Female,41,Jaipur,Jaipur,North,Small Business,2024-07-06
C10310,Customer 0310,Female,45,Bengaluru,Bengaluru,South,Consumer,2021-06-27
C10311,Customer 0311,Male,21,Pune,Pune,West,Corporate,2023-07-11
C10312,Customer 0312,Female,58,Bengaluru,Bengaluru,South,Consumer,2022-06-27
C10313,Customer 0313,Male,42,Hyderabad,Hyderabad,South,Consumer,2024-10-11
C10314,Customer 0314,Female,34,Ranchi,Ranchi,East,Corporate,2024-09-03
C10315,Customer 0315,Female,46,Lucknow,Lucknow,North,Consumer,2025-08-17
C10316,Customer 0316,Male,60,New Delhi,New Delhi,North,Small Business,2023-08-21
C10317,Customer 0317,Female,18,Mumbai,Mumbai,West,Corporate,2021-12-30
C10318,Customer 0318,Male,32,Chennai,Chennai,South,Consumer,2023-12-15
C10319,Customer 0319,Male,18,Bengaluru,Bengaluru,South,Consumer,2024-03-25
C10320,Customer 0320,Female,36,Kochi,Kochi,South,Consumer,2023-12-04
C10321,Customer 0321,Female,38,Mumbai,Mumbai,West,Consumer,2022-08-16
C10322,Customer 0322,Female,34,Lucknow,Lucknow,North,Consumer,2025-08-29
C10323,Customer 0323,Female,27,Jaipur,Jaipur,North,Consumer,2022-06-26
C10324,Customer 0324,Male,18,Bengaluru,Bengaluru,South,Consumer,2021-11-18
C10325,Customer 0325,Female,38,Bhubaneswar,Bhubaneswar,East,Consumer,2022-10-10
C10326,Customer 0326,Female,50,Chandigarh,Chandigarh,North,Corporate,2021-01-14
C10327,Customer 0327,Male,27,Surat,Surat,West,Corporate,2024-10-12
C10328,Customer 0328,Other,39,Mumbai,Mumbai,West,Consumer,2025-02-15
C10329,Customer 0329,Male,18,Mumbai,Mumbai,West,Corporate,2022-09-10
C10330,Customer 0330,Female,39,Kochi,Kochi,South,Consumer,2021-12-25
C10331,Customer 0331,Male,30,Thiruvananthapuram,Thiruvananthapuram,South,Consumer,2024-09-03
C10332,Customer 0332,Male,26,New Delhi,New Delhi,North,Consumer,2024-01-04
C10333,Customer 0333,Male,26,Bengaluru,Bengaluru,South,Consumer,2025-06-03
C10334,Customer 0334,Female,30,Hyderabad,Hyderabad,South,Consumer,2021-07-13
C10335,Customer 0335,Male,38,Hyderabad,Hyderabad,South,Small Business,2021-12-29
C10336,Customer 0336,Male,20,Thiruvananthapuram,Thiruvananthapuram,South,Small Business,2024-01-25
C10337,Customer 0337,Female,30,Ranchi,Ranchi,East,Consumer,2023-11-30
C10338,Customer 0338,Female,34,Jaipur,Jaipur,North,Corporate,2023-02-07
C10339,Customer 0339,Male,22,Mumbai,Mumbai,West,Consumer,2022-02-01
C10340,Customer 0340,Male,54,Bengaluru,Bengaluru,South,Consumer,2021-04-17
C10341,Customer 0341,Male,25,Ahmedabad,Ahmedabad,West,Corporate,2023-11-07
C10342,Customer 0342,Male,27,Mumbai,Mumbai,West,Consumer,2022-06-11
C10343,Customer 0343,Female,23,Bengaluru,Bengaluru,South,Consumer,2023-10-08
C10344,Customer 0344,Female,54,Pune,Pune,West,Consumer,2023-02-23
C10345,Customer 0345,Female,40,Pune,Pune,West,Consumer,2025-03-03
C10346,Customer 0346,Male,24,Mumbai,Mumbai,West,Consumer,2022-06-09
C10347,Customer 0347,Female,46,Lucknow,Lucknow,North,Consumer,2025-11-18
C10348,Customer 0348,Female,36,Hyderabad,Hyderabad,South,Consumer,2025-10-16
C10349,Customer 0349,Female,37,Surat,Surat,West,Consumer,2025-08-14
C10350,Customer 0350,Female,30,Pune,Pune,West,Consumer,2023-12-03
C10351,Customer 0351,Female,26,Pune,Pune,West,Consumer,2022-09-18
C10352,Customer 0352,Female,38,Bhubaneswar,Bhubaneswar,East,Small Business,2025-06-05
C10353,Customer 0353,Male,28,Jaipur,Jaipur,North,Consumer,2021-12-16
C10354,Customer 0354,Female,54,Chennai,Chennai,South,Consumer,2025-08-04
C10355,Customer 0355,Female,20,Kochi,Kochi,South,Consumer,2023-11-20
C10356,Customer 0356,Female,51,Jaipur,Jaipur,North,Consumer,2025-01-04
C10357,Customer 0357,Male,33,Bengaluru,Bengaluru,South,Consumer,2023-10-03
C10358,Customer 0358,Female,37,Surat,Surat,West,Consumer,2022-06-26
C10359,Customer 0359,Female,43,Bhubaneswar,Bhubaneswar,East,Small Business,2025-01-18
C10360,Customer 0360,Male,27,Ahmedabad,Ahmedabad,West,Consumer,2025-12-07
C10361,Customer 0361,Male,44,Pune,Pune,West,Consumer,2025-06-23
C10362,Customer 0362,Female,18,New Delhi,New Delhi,North,Consumer,2023-08-20
C10363,Customer 0363,Female,26,Surat,Surat,West,Consumer,2021-04-04
C10364,Customer 0364,Female,24,Mumbai,Mumbai,West,Consumer,2025-10-13
C10365,Customer 0365,Male,20,Ranchi,Ranchi,East,Consumer,2024-08-11
C10366,Customer 0366,Female,32,Pune,Pune,West,Small Business,2025-04-22
C10367,Customer 0367,Male,38,Bhubaneswar,Bhubaneswar,East,Consumer,2023-06-18
C10368,Customer 0368,Male,42,Ranchi,Ranchi,East,Corporate,2021-03-30
C10369,Customer 0369,Male,37,Bengaluru,Bengaluru,South,Consumer,2022-05-18
C10370,Customer 0370,Male,27,Bengaluru,Bengaluru,South,Consumer,2023-02-06
C10371,Customer 0371,Male,38,Thiruvananthapuram,Thiruvananthapuram,South,Consumer,2021-08-02
C10372,Customer 0372,Male,35,Thiruvananthapuram,Thiruvananthapuram,South,Consumer,2024-12-16
C10373,Customer 0373,Male,44,Kochi,Kochi,South,Small Business,2022-06-10
C10374,Customer 0374,Male,43,Jaipur,Jaipur,North,Consumer,2021-07-11
C10375,Customer 0375,Female,34,Chennai ,Chennai,South,Consumer,2022-11-25
C10376,Customer 0376,Male,24,Bengaluru,Bengaluru,South,Small Business,2022-10-04
C10377,Customer 0377,Male,27,Lucknow,Lucknow,North,Corporate,2024-06-01
C10378,Customer 0378,Female,28,Kochi,Kochi,South,Corporate,2022-07-09
C10379,Customer 0379,Male,31,Lucknow,Lucknow,North,Small Business,2025-09-13
C10380,Customer 0380,Female,37,Bengaluru,Bengaluru,South,Consumer,2022-01-22
C10381,Customer 0381,Male,42,Hyderabad,Hyderabad,South,Corporate,2022-11-12
C10382,Customer 0382,Male,33,Chandigarh,Chandigarh,North,Consumer,2023-02-15
C10383,Customer 0383,Female,34,Ahmedabad,Ahmedabad,West,Corporate,2025-02-06
C10384,Customer 0384,Female,36,Kolkata,Kolkata,East,Corporate,2025-06-20
C10385,Customer 0385,Female,28,New Delhi,New Delhi,North,Consumer,2021-07-22
C10386,Customer 0386,Female,24,Lucknow,Lucknow,North,Corporate,2023-10-07
C10387,Customer 0387,Female,18,Thiruvananthapuram,Thiruvananthapuram,South,Consumer,2022-03-23
C10388,Customer 0388,Male,26,Hyderabad,Hyderabad,South,Consumer,2023-06-19
C10389,Customer 0389,Male,39,Lucknow,Lucknow,North,Consumer,2023-12-28
C10390,Customer 0390,Male,26,New Delhi,New Delhi,North,Small Business,2024-01-21
C10391,Customer 0391,Male,31,Kolkata,Kolkata,East,Consumer,2023-02-17
C10392,Customer 0392,Female,39,Surat,Surat,West,Consumer,2021-06-27
C10393,Customer 0393,Female,40,Ahmedabad,Ahmedabad,West,Consumer,2025-08-14
C10394,Customer 0394,Male,22,Lucknow,Lucknow,North,Small Business,2023-04-09
C10395,Customer 0395,Female,45,Chennai,Chennai,South,Consumer,2022-07-13
C10396,Customer 0396,Female,46,Kolkata,Kolkata,East,Corporate,2023-10-24
C10397,Customer 0397,Male,22,Ranchi,Ranchi,East,Corporate,2021-04-13
C10398,Customer 0398,Male,25,Pune,Pune,West,Consumer,2024-07-20
C10399,Customer 0399,Male,47,Lucknow,Lucknow,North,Consumer,2025-04-07
C10400,Customer 0400,Male,32,New Delhi,New Delhi,North,Corporate,2021-04-26
C10401,Customer 0401,Male,18,Chennai,Chennai,South,Small Business,2023-05-09
C10402,Customer 0402,Female,19,Kolkata,Kolkata,East,Corporate,2022-04-09
C10403,Customer 0403,Male,31,Pune,Pune,West,Consumer,2021-04-14
C10404,Customer 0404,Male,21,Lucknow,Lucknow,North,Small Business,2021-09-16
C10405,Customer 0405,Other,29,Chennai,Chennai,South,Consumer,2024-08-24
C10406,Customer 0406,Female,34,Kolkata,Kolkata,East,Consumer,2024-10-22
C10407,Customer 0407,Female,50,Ahmedabad,Ahmedabad,West,Corporate,2023-07-18
C10408,Customer 0408,Male,31,Hyderabad,Hyderabad,South,Consumer,2023-03-21
C10409,Customer 0409,Male,46,Patna,Patna,East,Corporate,2022-10-04
C10410,Customer 0410,Female,50,Kochi,Kochi,South,Consumer,2023-03-18
C10411,Customer 0411,Male,50,Bengaluru,Bengaluru,South,Small Business,2023-10-20
C10412,Customer 0412,Male,37,Patna,Patna,East,Consumer,2024-08-18
C10413,Customer 0413,Female,18,Ranchi,Ranchi,East,Consumer,2022-07-14
C10414,Customer 0414,Female,39,Ahmedabad,Ahmedabad,West,Corporate,2021-01-27
C10415,Customer 0415,Male,46,Chandigarh,Chandigarh,North,Consumer,2022-05-23
C10416,Customer 0416,Male,33,Ahmedabad,Ahmedabad,West,Consumer,2022-06-11
C10417,Customer 0417,Male,53,Hyderabad,Hyderabad,South,Small Business,2023-02-14
C10418,Customer 0418,Male,43,Thiruvananthapuram,Thiruvananthapuram,South,Consumer,2024-10-20
C10419,Customer 0419,Male,40,Jaipur,Jaipur,North,Small Business,2023-08-11
C10420,Customer 0420,Male,46,Chandigarh,Chandigarh,North,Consumer,2021-10-25
C10421,Customer 0421,Male,38,Chandigarh,Chandigarh,North,Consumer,2023-02-16
C10422,Customer 0422,Female,18,Jaipur,Jaipur,North,Corporate,2021-12-27
C10423,Customer 0423,Female,29,Hyderabad,Hyderabad,South,Consumer,2025-07-28
C10424,Customer 0424,Female,47,Ahmedabad,Ahmedabad,West,Consumer,2022-05-19
C10425,Customer 0425,Male,25,Chennai,Chennai,South,Consumer,2022-08-11
C10426,Customer 0426,Male,32,Mumbai,Mumbai,West,Corporate,2021-01-30
C10427,Customer 0427,Male,23,Ahmedabad,Ahmedabad,West,Consumer,2025-01-02
C10428,Customer 0428,Male,54,Patna,Patna,East,Consumer,2024-09-25
C10429,Customer 0429,Male,52,Thiruvananthapuram,Thiruvananthapuram,South,Consumer,2021-05-06
C10430,Customer 0430,Female,24,Chennai,Chennai,South,Consumer,2022-08-19
C10431,Customer 0431,Female,36,Hyderabad,Hyderabad,South,Consumer,2025-05-09
C10432,Customer 0432,Female,27,Lucknow,Lucknow,North,Consumer,2024-10-21
C10433,Customer 0433,Male,41,Surat,Surat,West,Consumer,2025-12-24
C10434,Customer 0434,Female,40,Chennai,Chennai,South,Consumer,2025-01-06
C10435,Customer 0435,Male,43,Chennai,Chennai,South,Consumer,2021-09-20
C10436,Customer 0436,Male,38,Jaipur,Jaipur,North,Consumer,2023-07-25
C10437,Customer 0437,Male,66,Hyderabad,Hyderabad,South,Consumer,2023-05-22
C10438,Customer 0438,Female,23,Chandigarh,Chandigarh,North,Corporate,2024-05-30
C10439,Customer 0439,Other,18,Jaipur,Jaipur,North,Consumer,2021-01-02
C10440,Customer 0440,Male,30,Kochi,Kochi,South,Consumer,2022-01-29
C10441,Customer 0441,Female,18,Bengaluru,Bengaluru,South,Consumer,2021-11-02
C10442,Customer 0442,Female,18,Patna,Patna,East,Consumer,2024-03-15
C10443,Customer 0443,Male,23,Mumbai,Mumbai,West,Corporate,2022-06-14
C10444,Customer 0444,Male,24,Pune,Pune,West,Small Business,2022-06-12
C10445,Customer 0445,Male,23,Lucknow,Lucknow,North,Consumer,2024-08-24
C10446,Customer 0446,Female,40,Bhubaneswar,Bhubaneswar,East,Consumer,2023-08-23
C10447,Customer 0447,Male,28,Bhubaneswar,Bhubaneswar,East,Consumer,2022-11-02
C10448,Customer 0448,Female,32,Jaipur,Jaipur,North,Consumer,2024-09-25
C10449,Customer 0449,Male,44,Mumbai,Mumbai,West,Corporate,2021-12-18
C10450,Customer 0450,Female,26,Kochi,Kochi,South,Consumer,2023-03-21
C10451,Customer 0451,Male,31,Jaipur,Jaipur,North,Consumer,2021-07-28
C10452,Customer 0452,Female,38,Surat,Surat,West,Consumer,2023-08-16
C10453,Customer 0453,Female,18,Mumbai,Mumbai,West,Corporate,2021-07-24
C10454,Customer 0454,Female,18,Ranchi,Ranchi,East,Consumer,2022-09-17
C10455,Customer 0455,Female,38,Chennai,Chennai,South,Small Business,2025-09-10
C10456,Customer 0456,Male,39,Pune,Pune,West,Consumer,2022-12-22
C10457,Customer 0457,Female,57,Chennai,Chennai,South,Consumer,2022-09-28
C10458,Customer 0458,Male,36,Surat,Surat,West,Corporate,2023-11-05
C10459,Customer 0459,Male,43,Chennai,Chennai,South,Consumer,2023-05-08
C10460,Customer 0460,Female,32,Thiruvananthapuram,Thiruvananthapuram,South,Consumer,2024-12-22
C10461,Customer 0461,Male,37,Thiruvananthapuram,Thiruvananthapuram,South,Consumer,2022-04-21
C10462,Customer 0462,Female,52,New Delhi,New Delhi,North,Consumer,2021-10-25
C10463,Customer 0463,Other,18,New Delhi,New Delhi,North,Consumer,2022-07-11
C10464,Customer 0464,Male,39,Surat,Surat,West,Small Business,2024-01-23
C10465,Customer 0465,Female,57,Bhubaneswar,Bhubaneswar,East,Consumer,2021-04-17
C10466,Customer 0466,Male,37,Pune,Pune,West,Corporate,2024-12-13
C10467,Customer 0467,Male,52,Hyderabad,Hyderabad,South,Consumer,2024-07-25
C10468,Customer 0468,Male,27,Ranchi,Ranchi,East,Consumer,2021-05-08
C10469,Customer 0469,Female,34,Kochi,Kochi,South,Consumer,2022-04-04
C10470,Customer 0470,Female,34,Bhubaneswar,Bhubaneswar,East,Small Business,2021-02-07
C10471,Customer 0471,Female,18,Kochi,Kochi,South,Corporate,2025-06-21
C10472,Customer 0472,Other,21,Ranchi,Ranchi,East,Corporate,2021-07-17
C10473,Customer 0473,Male,22,Thiruvananthapuram,Thiruvananthapuram,South,Consumer,2025-09-24
C10474,Customer 0474,Male,43,Ranchi,Ranchi,East,Consumer,2021-12-23
C10475,Customer 0475,Female,44,Ahmedabad,Ahmedabad,West,Consumer,2021-01-07
C10476,Customer 0476,Male,38,Ranchi,Ranchi,East,Small Business,2025-04-29
C10477,Customer 0477,Male,43,Hyderabad,Hyderabad,South,Consumer,2024-09-17
C10478,Customer 0478,Male,32,Surat,Surat,West,Consumer,2022-06-03
C10479,Customer 0479,Female,47,Ranchi,Ranchi,East,Consumer,2021-07-13
C10480,Customer 0480,Female,34,Pune,Pune,West,Consumer,2021-11-12
C10481,Customer 0481,Male,35,Surat,Surat,West,Consumer,2023-10-22
C10482,Customer 0482,Male,31,Chandigarh,Chandigarh,North,Corporate,2023-12-22
C10483,Customer 0483,Female,42,Ahmedabad,Ahmedabad,West,Consumer,2021-12-09
C10484,Customer 0484,Female,29,Pune,Pune,West,Corporate,2022-08-24
C10485,Customer 0485,Male,45,Ahmedabad,Ahmedabad,West,Corporate,2023-11-08
C10486,Customer 0486,Female,22,Ranchi,Ranchi,East,Consumer,2022-09-12
C10487,Customer 0487,Male,22,Thiruvananthapuram,Thiruvananthapuram,South,Consumer,2025-07-29
C10488,Customer 0488,Male,42,Bengaluru,Bengaluru,South,Consumer,2024-10-26
C10489,Customer 0489,Female,33,Ranchi,Ranchi,East,Small Business,2023-04-02
C10490,Customer 0490,Female,29,Kolkata,Kolkata,East,Consumer,2025-05-22
C10491,Customer 0491,Male,44,Ahmedabad,Ahmedabad,West,Consumer,2025-06-17
C10492,Customer 0492,Female,27,Pune,Pune,West,Consumer,2025-08-01
C10493,Customer 0493,Female,32,Bengaluru,Bengaluru,South,Consumer,2025-09-21
C10494,Customer 0494,Female,49,Bengaluru,Bengaluru,South,Consumer,2025-05-14
C10495,Customer 0495,Female,51,Ahmedabad,Ahmedabad,West,Consumer,2025-09-19
C10496,Customer 0496,Female,51,Hyderabad,Hyderabad,South,Corporate,2021-08-23
C10497,Customer 0497,Male,31,Mumbai,Mumbai,West,Corporate,2023-12-29
C10498,Customer 0498,Male,48,Thiruvananthapuram,Thiruvananthapuram,South,Consumer,2022-03-23
C10499,Customer 0499,Male,24,Bhubaneswar,Bhubaneswar,East,Consumer,2022-09-02
C10500,Customer 0500,Male,24,Bhubaneswar,Bhubaneswar,East,Corporate,2021-01-08
C10501,Customer 0501,Female,18,Chandigarh,Chandigarh,North,Consumer,2022-04-07
C10502,Customer 0502,Female,52,Pune,Pune,West,Small Business,2023-09-27
C10503,Customer 0503,Male,24,Thiruvananthapuram,Thiruvananthapuram,South,Consumer,2024-08-27
C10504,Customer 0504,Male,33,New Delhi,New Delhi,North,Consumer,2021-05-14
C10505,Customer 0505,Female,24,Chandigarh,Chandigarh,North,Consumer,2022-01-20
C10506,Customer 0506,Male,42,Chennai,Chennai,South,Consumer,2021-02-25
C10507,Customer 0507,Female,30,Patna,Patna,East,Corporate,2023-09-20
C10508,Customer 0508,Male,20,Chandigarh,Chandigarh,North,Consumer,2024-10-15
C10509,Customer 0509,Female,39,Ranchi,Ranchi,East,Consumer,2024-02-12
C10510,Customer 0510,Female,18,New Delhi,New Delhi,North,Consumer,2024-01-17
C10511,Customer 0511,Male,25,Pune,Pune,West,Corporate,2021-05-18
C10512,Customer 0512,Male,18,Surat,Surat,West,Consumer,2024-02-06
C10513,Customer 0513,Male,18,Ranchi,Ranchi,East,Corporate,2025-03-04
C10514,Customer 0514,Female,36,Kolkata,Kolkata,East,Consumer,2022-06-19
C10515,Customer 0515,Female,18,Hyderabad,Hyderabad,South,Consumer,2021-05-24
C10516,Customer 0516,Male,18,Chennai,Chennai,South,Corporate,2023-05-19
C10517,Customer 0517,Female,34,Surat,Surat,West,Consumer,2022-10-18
C10518,Customer 0518,Female,28,New Delhi,New Delhi,North,Consumer,2021-02-25
C10519,Customer 0519,Male,56,Patna ,Patna,East,Consumer,2022-09-12
C10520,Customer 0520,Male,54,Bengaluru,Bengaluru,South,Consumer,2023-10-27
C10521,Customer 0521,Female,24,Surat,Surat,West,Consumer,2022-06-26
C10522,Customer 0522,Female,40,Surat,Surat,West,Consumer,2022-03-23
C10523,Customer 0523,Female,42,Bhubaneswar,Bhubaneswar,East,Consumer,2024-11-09
C10524,Customer 0524,Female,27,Chandigarh,Chandigarh,North,Consumer,2024-08-23
C10525,Customer 0525,Female,18,Jaipur,Jaipur,North,Consumer,2023-05-24
C10526,Customer 0526,Male,34,Ahmedabad,Ahmedabad,West,Consumer,2022-10-01
C10527,Customer 0527,Female,32,Surat,Surat,West,Small Business,2024-08-18
C10528,Customer 0528,Female,29,Chennai,Chennai,South,Corporate,2025-07-15
C10529,Customer 0529,Female,39,Kochi,Kochi,South,Consumer,2024-11-29
C10530,Customer 0530,Male,26,Ranchi,Ranchi,East,Consumer,2022-09-03
C10531,Customer 0531,Male,21,Lucknow,Lucknow,North,Small Business,2025-08-29
C10532,Customer 0532,Male,35,Ranchi,Ranchi,East,Consumer,2023-04-17
C10533,Customer 0533,Male,38,Bhubaneswar,Bhubaneswar,East,Consumer,2025-11-12
C10534,Customer 0534,Male,21,Surat,Surat,West,Corporate,2025-05-05
C10535,Customer 0535,Female,44,Jaipur,Jaipur,North,Consumer,2023-02-19
C10536,Customer 0536,Female,18,Kolkata,Kolkata,East,Consumer,2023-04-17
C10537,Customer 0537,Male,28,Chandigarh,Chandigarh,North,Small Business,2022-05-25
C10538,Customer 0538,Female,31,Hyderabad,Hyderabad,South,Consumer,2024-01-02
C10539,Customer 0539,Male,27,Mumbai,Mumbai,West,Consumer,2023-03-23
C10540,Customer 0540,Male,28,Kochi,Kochi,South,Consumer,2022-07-18
C10541,Customer 0541,Male,55,Ranchi,Ranchi,East,Consumer,2021-09-22
C10542,Customer 0542,Female,25,Pune,Pune,West,Corporate,2024-06-04
C10543,Customer 0543,Male,61,Chennai,Chennai,South,Consumer,2024-05-01
C10544,Customer 0544,Male,39,Jaipur,Jaipur,North,Consumer,2024-10-29
C10545,Customer 0545,Male,35,Mumbai,Mumbai,West,Small Business,2025-11-10
C10546,Customer 0546,Female,39,Bengaluru,Bengaluru,South,Consumer,2021-01-10
C10547,Customer 0547,Male,62,Chennai,Chennai,South,Consumer,2021-10-29
C10548,Customer 0548,Female,23,Lucknow ,Lucknow,North,Consumer,2024-10-14
C10549,Customer 0549,Female,22,Pune,Pune,West,Consumer,2025-10-30
C10550,Customer 0550,Female,26,Chandigarh,Chandigarh,North,Consumer,2023-03-16
C10551,Customer 0551,Female,34,Ahmedabad,Ahmedabad,West,Small Business,2023-12-12
C10552,Customer 0552,Male,18,Patna,Patna,East,Corporate,2025-11-11
C10553,Customer 0553,Male,34,Surat,Surat,West,Consumer,2021-04-09
C10554,Customer 0554,Female,53,Ahmedabad,Ahmedabad,West,Consumer,2022-08-16
C10555,Customer 0555,Male,36,Ranchi,Ranchi,East,Consumer,2023-11-03
C10556,Customer 0556,Female,31,Ahmedabad,Ahmedabad,West,Consumer,2024-11-14
C10557,Customer 0557,Female,27,Kochi,Kochi,South,Consumer,2021-12-23
C10558,Customer 0558,Female,44,Chennai,Chennai,South,Small Business,2025-07-22
C10559,Customer 0559,Female,25,New Delhi,New Delhi,North,Consumer,2023-07-17
C10560,Customer 0560,Other,54,Mumbai,Mumbai,West,Consumer,2021-01-11
C10561,Customer 0561,Female,55,Lucknow,Lucknow,North,Consumer,2021-03-22
C10562,Customer 0562,Male,37,Thiruvananthapuram,Thiruvananthapuram,South,Consumer,2024-07-08
C10563,Customer 0563,Female,34,Kochi,Kochi,South,Consumer,2021-01-06
C10564,Customer 0564,Male,45,Kochi,Kochi,South,Consumer,2025-01-21
C10565,Customer 0565,Male,46,Kochi,Kochi,South,Consumer,2022-01-08
C10566,Customer 0566,Female,25,Pune,Pune,West,Consumer,2022-04-26
C10567,Customer 0567,Male,28,Pune,Pune,West,Consumer,2021-08-10
C10568,Customer 0568,Male,19,Mumbai,Mumbai,West,Consumer,2024-01-10
C10569,Customer 0569,Male,38,Bhubaneswar,Bhubaneswar,East,Consumer,2022-05-30
C10570,Customer 0570,Female,41,Thiruvananthapuram,Thiruvananthapuram,South,Small Business,2023-12-20
C10571,Customer 0571,Female,19,Pune,Pune,West,Consumer,2021-08-09
C10572,Customer 0572,Female,29,Chandigarh,Chandigarh,North,Consumer,2021-12-15
C10573,Customer 0573,Male,19,Mumbai,Mumbai,West,Consumer,2025-05-04
C10574,Customer 0574,Female,24,Pune,Pune,West,Corporate,2021-08-16
C10575,Customer 0575,Female,40,Ranchi,Ranchi,East,Consumer,2021-10-17
C10576,Customer 0576,Male,26,Patna,Patna,East,Consumer,2021-10-20
C10577,Customer 0577,Male,31,Bengaluru,Bengaluru,South,Consumer,2023-03-21
C10578,Customer 0578,Male,18,Bhubaneswar,Bhubaneswar,East,Consumer,2024-05-01
C10579,Customer 0579,Female,36,Mumbai,Mumbai,West,Consumer,2023-08-14
C10580,Customer 0580,Female,34,Thiruvananthapuram,Thiruvananthapuram,South,Consumer,2025-02-06
C10581,Customer 0581,Female,26,Ahmedabad,Ahmedabad,West,Corporate,2024-07-04
C10582,Customer 0582,Male,32,Kolkata,Kolkata,East,Consumer,2025-03-10
C10583,Customer 0583,Female,36,Mumbai,Mumbai,West,Consumer,2022-01-23
C10584,Customer 0584,Female,25,Bengaluru,Bengaluru,South,Consumer,2022-09-07
C10585,Customer 0585,Female,18,Chandigarh,Chandigarh,North,Consumer,2024-11-22
C10586,Customer 0586,Female,54,Chennai,Chennai,South,Consumer,2022-01-01
C10587,Customer 0587,Male,27,Thiruvananthapuram,Thiruvananthapuram,South,Small Business,2022-10-20
C10588,Customer 0588,Male,33,Kochi,Kochi,South,Small Business,2021-10-17
C10589,Customer 0589,Female,45,Hyderabad,Hyderabad,South,Consumer,2025-11-28
C10590,Customer 0590,Female,70,Thiruvananthapuram,Thiruvananthapuram,South,Consumer,2024-08-25
C10591,Customer 0591,Female,20,Kochi,Kochi,South,Consumer,2024-07-25
C10592,Customer 0592,Male,39,Lucknow,Lucknow,North,Consumer,2025-01-27
C10593,Customer 0593,Female,26,Hyderabad,Hyderabad,South,Consumer,2021-07-08
C10594,Customer 0594,Male,28,Kochi,Kochi,South,Corporate,2023-07-07
C10595,Customer 0595,Male,26,Kolkata,Kolkata,East,Corporate,2024-04-16
C10596,Customer 0596,Female,22,Ahmedabad,Ahmedabad,West,Consumer,2025-04-01
C10597,Customer 0597,Female,34,Chandigarh,Chandigarh,North,Consumer,2023-07-13
C10598,Customer 0598,Male,18,Bengaluru,Bengaluru,South,Consumer,2023-09-15
C10599,Customer 0599,Male,44,Kochi,Kochi,South,Consumer,2022-01-10
C10600,Customer 0600,Male,35,Hyderabad,Hyderabad,South,Consumer,2025-06-10
C10601,Customer 0601,Male,39,Bengaluru,Bengaluru,South,Consumer,2023-01-30
C10602,Customer 0602,Female,29,Kochi,Kochi,South,Consumer,2025-01-17
C10603,Customer 0603,Female,30,Chennai,Chennai,South,Consumer,2021-08-05
C10604,Customer 0604,Male,37,Chennai,Chennai,South,Consumer,2023-12-02
C10605,Customer 0605,Female,21,Kochi,Kochi,South,Corporate,2021-07-13
C10606,Customer 0606,Female,30,Surat,Surat,West,Consumer,2024-09-12
C10607,Customer 0607,Female,25,Bengaluru,Bengaluru,South,Consumer,2024-10-28
C10608,Customer 0608,Male,24,Surat,Surat,West,Consumer,2025-01-28
C10609,Customer 0609,Female,18,Pune,Pune,West,Consumer,2021-06-12
C10610,Customer 0610,Male,49,Chandigarh,Chandigarh,North,Consumer,2021-10-03
C10611,Customer 0611,Male,26,Thiruvananthapuram,Thiruvananthapuram,South,Consumer,2021-12-30
C10612,Customer 0612,Male,47,Lucknow,Lucknow,North,Consumer,2025-07-24
C10613,Customer 0613,Male,46,Surat,Surat,West,Consumer,2023-02-14
C10614,Customer 0614,Male,20,Chennai,Chennai,South,Small Business,2022-04-25
C10615,Customer 0615,Male,22,Ranchi,Ranchi,East,Consumer,2022-11-20
C10616,Customer 0616,Male,62,Patna,Patna,East,Consumer,2022-04-05
C10617,Customer 0617,Female,53,Bengaluru,Bengaluru,South,Consumer,2024-07-12
C10618,Customer 0618,Female,34,Thiruvananthapuram,Thiruvananthapuram,South,Consumer,2022-06-23
C10619,Customer 0619,Male,37,New Delhi,New Delhi,North,Corporate,2023-09-01
C10620,Customer 0620,Female,27,Lucknow,Lucknow,North,Consumer,2024-11-10
C10621,Customer 0621,Female,39,Chennai,Chennai,South,Consumer,2021-03-26
C10622,Customer 0622,Female,26,Thiruvananthapuram,Thiruvananthapuram,South,Consumer,2025-09-28
C10623,Customer 0623,Male,18,Surat,Surat,West,Consumer,2024-09-01
C10624,Customer 0624,Female,19,Surat,Surat,West,Corporate,2021-08-31
C10625,Customer 0625,Female,34,Ahmedabad,Ahmedabad,West,Consumer,2025-02-01
C10626,Customer 0626,Female,22,Mumbai,Mumbai,West,Consumer,2023-05-30
C10627,Customer 0627,Male,33,Surat,Surat,West,Small Business,2024-09-27
C10628,Customer 0628,Female,22,Lucknow,Lucknow,North,Corporate,2024-04-15
C10629,Customer 0629,Female,25,Thiruvananthapuram,Thiruvananthapuram,South,Consumer,2024-02-28
C10630,Customer 0630,Female,43,Chennai,Chennai,South,Consumer,2022-10-19
C10631,Customer 0631,Male,37,Jaipur,Jaipur,North,Consumer,2024-01-12
C10632,Customer 0632,Male,34,Patna,Patna,East,Consumer,2024-10-15
C10633,Customer 0633,Female,44,Ahmedabad,Ahmedabad,West,Small Business,2021-03-29
C10634,Customer 0634,Female,39,Ahmedabad,Ahmedabad,West,Consumer,2025-04-05
C10635,Customer 0635,Male,50,Bengaluru,Bengaluru,South,Consumer,2023-01-12
C10636,Customer 0636,Female,29,Ahmedabad,Ahmedabad,West,Small Business,2023-09-12
C10637,Customer 0637,Male,29,Mumbai,Mumbai,West,Consumer,2025-07-20
C10638,Customer 0638,Female,20,Hyderabad,Hyderabad,South,Consumer,2022-04-16
C10639,Customer 0639,Female,29,Thiruvananthapuram,Thiruvananthapuram,South,Small Business,2025-03-02
C10640,Customer 0640,Female,45,Mumbai,Mumbai,West,Corporate,2025-03-11
C10641,Customer 0641,Female,48,Thiruvananthapuram,Thiruvananthapuram,South,Corporate,2024-10-09
C10642,Customer 0642,Male,45,Chennai,Chennai,South,Consumer,2022-02-20
C10643,Customer 0643,Female,18,Chennai,Chennai,South,Corporate,2023-12-11
C10644,Customer 0644,Male,46,Hyderabad,Hyderabad,South,Consumer,2025-06-12
C10645,Customer 0645,Female,18,Thiruvananthapuram,Thiruvananthapuram,South,Consumer,2022-11-13
C10646,Customer 0646,Female,44,Ranchi,Ranchi,East,Small Business,2023-12-23
C10647,Customer 0647,Female,30,Surat,Surat,West,Consumer,2024-01-18
C10648,Customer 0648,Male,42,Chandigarh,Chandigarh,North,Corporate,2025-09-21
C10649,Customer 0649,Female,19,New Delhi,New Delhi,North,Consumer,2024-04-28
C10650,Customer 0650,Male,47,Mumbai,Mumbai,West,Consumer,2023-06-18
C10651,Customer 0651,Male,18,Bengaluru,Bengaluru,South,Corporate,2022-08-24
C10652,Customer 0652,Female,27,Pune,Pune,West,Consumer,2024-10-03
C10653,Customer 0653,Male,23,Surat,Surat,West,Consumer,2025-04-11
C10654,Customer 0654,Female,18,Jaipur,Jaipur,North,Consumer,2024-04-14
C10655,Customer 0655,Male,35,Ahmedabad,Ahmedabad,West,Small Business,2024-10-19
C10656,Customer 0656,Male,54,Hyderabad,Hyderabad,South,Consumer,2023-02-15
C10657,Customer 0657,Female,63,Bengaluru,Bengaluru,South,Consumer,2023-06-20
C10658,Customer 0658,Female,35,Surat,Surat,West,Consumer,2025-04-27
C10659,Customer 0659,Male,46,Lucknow,Lucknow,North,Small Business,2022-04-28
C10660,Customer 0660,Female,37,Surat,Surat,West,Corporate,2024-02-17
C10661,Customer 0661,Female,39,Hyderabad,Hyderabad,South,Corporate,2021-06-18
C10662,Customer 0662,Female,30,Patna,Patna,East,Consumer,2025-07-02
C10663,Customer 0663,Male,36,Ahmedabad,Ahmedabad,West,Consumer,2021-05-27
C10664,Customer 0664,Female,40,Chennai,Chennai,South,Consumer,2025-09-08
C10665,Customer 0665,Female,28,Bengaluru,Bengaluru,South,Consumer,2024-12-31
C10666,Customer 0666,Female,33,Bengaluru,Bengaluru,South,Consumer,2022-03-15
C10667,Customer 0667,Male,33,Bengaluru,Bengaluru,South,Small Business,2023-06-07
C10668,Customer 0668,Female,43,Thiruvananthapuram,Thiruvananthapuram,South,Corporate,2024-04-27
C10669,Customer 0669,Female,22,Kochi,Kochi,South,Consumer,2021-06-09
C10670,Customer 0670,Female,33,Thiruvananthapuram,Thiruvananthapuram,South,Consumer,2023-03-25
C10671,Customer 0671,Male,55,Bengaluru,Bengaluru,South,Corporate,2022-02-06
C10672,Customer 0672,Female,47,Kolkata,Kolkata,East,Consumer,2022-08-09
C10673,Customer 0673,Female,49,Hyderabad,Hyderabad,South,Consumer,2023-05-14
C10674,Customer 0674,Male,34,Pune,Pune,West,Consumer,2023-11-08
C10675,Customer 0675,Male,38,Pune,Pune,West,Consumer,2021-05-20
C10676,Customer 0676,Female,45,Bhubaneswar,Bhubaneswar,East,Corporate,2024-02-13
C10677,Customer 0677,Male,51,Chennai,Chennai,South,Consumer,2021-11-24
C10678,Customer 0678,Female,18,Ahmedabad,Ahmedabad,West,Consumer,2021-08-13
C10679,Customer 0679,Female,20,Patna,Patna,East,Consumer,2022-07-12
C10680,Customer 0680,Female,48,Kolkata,Kolkata,East,Corporate,2022-03-15
C10681,Customer 0681,Male,31,Jaipur,Jaipur,North,Consumer,2025-04-23
C10682,Customer 0682,Male,27,Bengaluru,Bengaluru,South,Consumer,2025-10-08
C10683,Customer 0683,Female,20,Thiruvananthapuram,Thiruvananthapuram,South,Small Business,2022-01-21
C10684,Customer 0684,Male,28,Lucknow,Lucknow,North,Small Business,2022-06-05
C10685,Customer 0685,Female,19,Bhubaneswar,Bhubaneswar,East,Small Business,2024-06-30
C10686,Customer 0686,Male,57,Ahmedabad,Ahmedabad,West,Corporate,2022-09-12
C10687,Customer 0687,Male,34,Mumbai,Mumbai,West,Consumer,2024-01-27
C10688,Customer 0688,Male,33,Hyderabad,Hyderabad,South,Consumer,2023-02-26
C10689,Customer 0689,Female,40,Jaipur,Jaipur,North,Consumer,2023-12-31
C10690,Customer 0690,Female,45,Bengaluru,Bengaluru,South,Consumer,2022-07-05
C10691,Customer 0691,Male,44,Kochi,Kochi,South,Small Business,2022-03-23
C10692,Customer 0692,Male,46,Mumbai,Mumbai,West,Corporate,2024-01-19
C10693,Customer 0693,Male,27,Ahmedabad,Ahmedabad,West,Corporate,2024-12-24
C10694,Customer 0694,Female,31,Thiruvananthapuram,Thiruvananthapuram,South,Consumer,2024-05-27
C10695,Customer 0695,Male,42,Chennai,Chennai,South,Small Business,2021-04-17
C10696,Customer 0696,Female,28,Mumbai,Mumbai,West,Corporate,2025-02-08
C10697,Customer 0697,Female,34,Kochi,Kochi,South,Consumer,2023-07-05
C10698,Customer 0698,Female,38,Ahmedabad,Ahmedabad,West,Corporate,2025-01-17
C10699,Customer 0699,Male,43,Chennai,Chennai,South,Consumer,2023-06-23
C10700,Customer 0700,Other,18,,Surat,West,Consumer,2025-06-20
C10701,Customer 0701,Male,42,Surat,Surat,West,Consumer,2022-06-28
C10702,Customer 0702,Male,31,Bengaluru,Bengaluru,South,Consumer,2024-02-24
C10703,Customer 0703,Female,42,Thiruvananthapuram,Thiruvananthapuram,South,Consumer,2024-03-16
C10704,Customer 0704,Female,43,Kochi,Kochi,South,Consumer,2021-10-07
C10705,Customer 0705,Male,52,Bengaluru,Bengaluru,South,Small Business,2021-01-24
C10706,Customer 0706,Male,49,Ranchi,Ranchi,East,Consumer,2023-08-10
C10707,Customer 0707,Female,49,Kochi,Kochi,South,Corporate,2025-10-11
C10708,Customer 0708,Male,50,New Delhi,New Delhi,North,Consumer,2021-04-30
C10709,Customer 0709,Female,37,Chennai,Chennai,South,,2025-12-15
C10710,Customer 0710,Female,34,Chandigarh,Chandigarh,North,Consumer,2025-08-03
C10711,Customer 0711,Male,44,New Delhi,New Delhi,North,Consumer,2024-08-13
C10712,Customer 0712,Male,42,Mumbai,Mumbai,West,Consumer,2023-05-05
C10713,Customer 0713,Male,31,Pune,Pune,West,Consumer,2023-10-13
C10714,Customer 0714,Female,38,Pune,Pune,West,Consumer,2023-08-02
C10715,Customer 0715,Female,34,Hyderabad,Hyderabad,South,Consumer,2024-01-11
C10716,Customer 0716,Male,25,Patna,Patna,East,Corporate,2022-03-24
C10717,Customer 0717,Female,48,New Delhi,New Delhi,North,Consumer,2025-10-10
C10718,Customer 0718,Other,35,Bhubaneswar,Bhubaneswar,East,Consumer,2023-09-23
C10719,Customer 0719,Male,57,Kochi,Kochi,South,Consumer,2025-02-02
C10720,Customer 0720,Female,18,Chandigarh,Chandigarh,North,Consumer,2024-12-17
C10721,Customer 0721,Male,28,Bhubaneswar,Bhubaneswar,East,Consumer,2025-04-18
C10722,Customer 0722,Male,34,Hyderabad,Hyderabad,South,Small Business,2023-11-14
C10723,Customer 0723,Male,47,Chennai,Chennai,South,Corporate,2023-12-21
C10724,Customer 0724,Male,38,Chandigarh,Chandigarh,North,Consumer,2025-09-21
C10725,Customer 0725,Male,37,Surat,Surat,West,Consumer,2021-03-25
C10726,Customer 0726,Male,22,Lucknow,Lucknow,North,Consumer,2021-08-13
C10727,Customer 0727,Female,21,Hyderabad,Hyderabad,South,Corporate,2025-08-31
C10728,Customer 0728,Female,38,Chandigarh,Chandigarh,North,Consumer,2021-07-05
C10729,Customer 0729,Female,19,Bengaluru,Bengaluru,South,Consumer,2022-01-10
C10730,Customer 0730,Male,28,Hyderabad,Hyderabad,South,Corporate,2021-03-13
C10731,Customer 0731,Male,40,Hyderabad,Hyderabad,South,Corporate,2021-03-15
C10732,Customer 0732,Male,23,New Delhi,New Delhi,North,Corporate,2024-09-26
C10733,Customer 0733,Female,52,New Delhi,New Delhi,North,Corporate,2021-06-02
C10734,Customer 0734,Female,47,Pune,Pune,West,Small Business,2021-04-06
C10735,Customer 0735,Male,18,Thiruvananthapuram,Thiruvananthapuram,South,Consumer,2025-05-08
C10736,Customer 0736,Male,24,Patna,Patna,East,Consumer,2022-03-21
C10737,Customer 0737,Female,18,Mumbai,Mumbai,West,Corporate,2025-09-06
C10738,Customer 0738,Male,25,Jaipur,Jaipur,North,Consumer,2024-02-08
C10739,Customer 0739,Male,42,Pune,Pune,West,Small Business,2025-01-21
C10740,Customer 0740,Female,29,Pune,Pune,West,Consumer,2023-04-08
C10741,Customer 0741,Female,39,Mumbai,Mumbai,West,Consumer,2023-12-11
C10742,Customer 0742,Male,18,Thiruvananthapuram,Thiruvananthapuram,South,Consumer,2022-01-12
C10743,Customer 0743,Male,43,New Delhi,New Delhi,North,Consumer,2023-02-04
C10744,Customer 0744,Other,28,Surat,Surat,West,Consumer,2024-01-02
C10745,Customer 0745,Male,34,Chennai,Chennai,South,Corporate,2021-07-31
C10746,Customer 0746,Male,33,Ranchi,Ranchi,East,Consumer,2024-12-26
C10747,Customer 0747,Male,20,Ahmedabad,Ahmedabad,West,Corporate,2022-12-25
C10748,Customer 0748,Male,21,Mumbai,Mumbai,West,Consumer,2025-11-22
C10749,Customer 0749,Male,45,Bhubaneswar,Bhubaneswar,East,Consumer,2024-04-06
C10750,Customer 0750,Female,38,Ahmedabad,Ahmedabad,West,Consumer,2023-02-14
C10751,Customer 0751,Male,46,Bengaluru,Bengaluru,South,Consumer,2021-11-27
C10752,Customer 0752,Male,38,Ranchi,Ranchi,East,Corporate,2025-11-01
C10753,Customer 0753,Female,36,Mumbai,Mumbai,West,Corporate,2023-01-21
C10754,Customer 0754,Female,18,Thiruvananthapuram,Thiruvananthapuram,South,Corporate,2025-12-16
C10755,Customer 0755,Female,31,Bengaluru,Bengaluru,South,Small Business,2025-02-26
C10756,Customer 0756,Female,34,Jaipur,Jaipur,North,Consumer,2024-03-12
C10757,Customer 0757,Male,55,Surat,Surat,West,Small Business,2025-05-25
C10758,Customer 0758,Female,42,Mumbai,Mumbai,West,Corporate,2025-01-08
C10759,Customer 0759,Male,51,Bhubaneswar,Bhubaneswar,East,Small Business,2023-04-04
C10760,Customer 0760,Other,41,Jaipur,Jaipur,North,Consumer,2022-01-29
C10761,Customer 0761,Male,26,Bengaluru,Bengaluru,South,Small Business,2022-05-27
C10762,Customer 0762,Other,35,Thiruvananthapuram,Thiruvananthapuram,South,Consumer,2022-11-17
C10763,Customer 0763,Female,37,Kochi,Kochi,South,Corporate,2022-09-13
C10764,Customer 0764,Male,24,New Delhi,New Delhi,North,Consumer,2025-10-05
C10765,Customer 0765,Female,30,Thiruvananthapuram,Thiruvananthapuram,South,Consumer,2025-09-17
C10766,Customer 0766,Other,32,Ahmedabad,Ahmedabad,West,Consumer,2024-09-13
C10767,Customer 0767,Female,52,Lucknow,Lucknow,North,Consumer,2022-08-27
C10768,Customer 0768,Male,18,Ranchi,Ranchi,East,Consumer,2024-07-06
C10769,Customer 0769,Female,47,Kochi,Kochi,South,Corporate,2024-12-31
C10770,Customer 0770,Male,24,Chandigarh,Chandigarh,North,Consumer,2022-12-19
C10771,Customer 0771,Male,19,Bengaluru,Bengaluru,South,Consumer,2025-05-07
C10772,Customer 0772,Male,47,Chandigarh,Chandigarh,North,Consumer,2021-12-15
C10773,Customer 0773,Male,42,Bengaluru,Bengaluru,South,Consumer,2025-09-13
C10774,Customer 0774,Female,48,Surat,Surat,West,Consumer,2022-05-30
C10775,Customer 0775,Male,43,Chandigarh,Chandigarh,North,Consumer,2025-01-12
C10776,Customer 0776,Female,57,Kochi,Kochi,South,Consumer,2022-02-03
C10777,Customer 0777,Male,40,Hyderabad,Hyderabad,South,Consumer,2025-06-08
C10778,Customer 0778,Male,32,New Delhi,New Delhi,North,Consumer,2021-08-02
C10779,Customer 0779,Male,38,Chandigarh,Chandigarh,North,Consumer,2025-04-19
C10780,Customer 0780,Male,48,Lucknow,Lucknow,North,Consumer,2022-07-16
C10781,Customer 0781,Male,25,Lucknow,Lucknow,North,Small Business,2024-08-05
C10782,Customer 0782,Male,27,Mumbai,Mumbai,West,Consumer,2024-07-06
C10783,Customer 0783,Female,31,Kochi,Kochi,South,Consumer,2021-09-15
C10784,Customer 0784,Male,18,Thiruvananthapuram,Thiruvananthapuram,South,Consumer,2024-11-12
C10785,Customer 0785,Male,36,Hyderabad,Hyderabad,South,Consumer,2025-12-13
C10786,Customer 0786,Male,18,Kolkata,Kolkata,East,Consumer,2022-11-25
C10787,Customer 0787,Female,35,Ahmedabad,Ahmedabad,West,Consumer,2025-04-18
C10788,Customer 0788,Female,44,Mumbai,Mumbai,West,Consumer,2024-07-12
C10789,Customer 0789,Female,29,Pune,Pune,West,Consumer,2024-08-29
C10790,Customer 0790,Male,52,Ranchi,Ranchi,East,Consumer,2023-11-30
C10791,Customer 0791,Male,18,Hyderabad,Hyderabad,South,Consumer,2023-09-25
C10792,Customer 0792,Female,47,Surat,Surat,West,Small Business,2023-03-31
C10793,Customer 0793,Male,41,Ahmedabad,Ahmedabad,West,Consumer,2021-07-29
C10794,Customer 0794,Male,18,Pune,Pune,West,Consumer,2021-09-29
C10795,Customer 0795,Male,64,Hyderabad,Hyderabad,South,Small Business,2024-03-05
C10796,Customer 0796,Male,33,Ranchi,Ranchi,East,Corporate,2022-08-22
C10797,Customer 0797,Male,24,Ranchi,Ranchi,East,Consumer,2023-12-20
C10798,Customer 0798,Female,19,Mumbai,Mumbai,West,Corporate,2025-03-14
C10799,Customer 0799,Male,32,Chandigarh,Chandigarh,North,Consumer,2025-08-27
C10800,Customer 0800,Female,33,Patna,Patna,East,Consumer,2025-03-19
C10801,Customer 0801,Male,35,Chandigarh,Chandigarh,North,Consumer,2023-11-05
C10802,Customer 0802,Male,31,Bengaluru,Bengaluru,South,Consumer,2025-06-26
C10803,Customer 0803,Female,41,Ahmedabad,Ahmedabad,West,Consumer,2023-10-20
C10804,Customer 0804,Male,30,Mumbai,Mumbai,West,Consumer,2021-09-12
C10805,Customer 0805,Female,18,Pune,Pune,West,Consumer,2023-01-07
C10806,Customer 0806,Female,32,Lucknow,Lucknow,North,Consumer,2022-12-23
C10807,Customer 0807,Male,18,Ranchi,Ranchi,East,Consumer,2022-06-19
C10808,Customer 0808,Female,38,Ranchi,Ranchi,East,Consumer,2024-06-12
C10809,Customer 0809,Male,23,Ahmedabad,Ahmedabad,West,Consumer,2024-02-29
C10810,Customer 0810,Female,36,Chennai,Chennai,South,Consumer,2025-08-21
C10811,Customer 0811,Male,48,Kolkata,Kolkata,East,Small Business,2025-09-05
C10812,Customer 0812,Female,24,Chandigarh,Chandigarh,North,Consumer,2023-10-21
C10813,Customer 0813,Male,46,Kochi,Kochi,South,Consumer,2021-01-17
C10814,Customer 0814,Female,29,Patna,Patna,East,Corporate,2023-06-01
C10815,Customer 0815,Female,53,Patna,Patna,East,Consumer,2023-08-12
C10816,Customer 0816,Female,30,Ahmedabad,Ahmedabad,West,Corporate,2023-04-06
C10817,Customer 0817,Female,25,Mumbai,Mumbai,West,Consumer,2023-09-19
C10818,Customer 0818,Female,42,Surat,Surat,West,Consumer,2023-05-28
C10819,Customer 0819,Female,29,Hyderabad,Hyderabad,South,Consumer,2021-07-04
C10820,Customer 0820,Male,25,Kochi,Kochi,South,Consumer,2024-11-15
C10821,Customer 0821,Male,29,Chandigarh,Chandigarh,North,Consumer,2024-12-17
C10822,Customer 0822,Male,34,Chennai,Chennai,South,Small Business,2025-01-05
C10823,Customer 0823,Male,49,Kochi,Kochi,South,Corporate,2025-09-16
C10824,Customer 0824,Male,18,Pune,Pune,West,Consumer,2025-08-06
C10825,Customer 0825,Female,34,Ahmedabad,Ahmedabad,West,Corporate,2025-04-29
C10826,Customer 0826,Male,41,Ranchi,Ranchi,East,Consumer,2023-11-02
C10827,Customer 0827,Female,36,Chennai,Chennai,South,Consumer,2025-03-24
C10828,Customer 0828,Male,48,Kochi,Kochi,South,Consumer,2021-03-21
C10829,Customer 0829,Male,33,Jaipur,Jaipur,North,Corporate,2023-03-20
C10830,Customer 0830,Female,32,Ahmedabad,Ahmedabad,West,Consumer,2025-08-25
C10831,Customer 0831,Female,41,Hyderabad,Hyderabad,South,Consumer,2021-10-29
C10832,Customer 0832,Female,35,Pune,Pune,West,Small Business,2024-05-24
C10833,Customer 0833,Female,30,Bengaluru,Bengaluru,South,Consumer,2024-06-25
C10834,Customer 0834,Male,40,Chennai,Chennai,South,Consumer,2025-04-14
C10835,Customer 0835,Female,27,Surat,Surat,West,Consumer,2024-07-19
C10836,Customer 0836,Male,27,Mumbai,Mumbai,West,Consumer,2021-05-13
C10837,Customer 0837,Male,28,Kolkata,Kolkata,East,Consumer,2023-10-26
C10838,Customer 0838,Male,49,Pune,Pune,West,Small Business,2023-01-26
C10839,Customer 0839,Male,18,Pune,Pune,West,Consumer,2025-04-15
C10840,Customer 0840,Male,38,Lucknow,Lucknow,North,Consumer,2022-09-21
C10841,Customer 0841,Female,34,Hyderabad,Hyderabad,South,Consumer,2025-09-10
C10842,Customer 0842,Female,18,New Delhi,New Delhi,North,Consumer,2023-10-07
C10843,Customer 0843,Male,37,Hyderabad,Hyderabad,South,Consumer,2023-02-12
C10844,Customer 0844,Male,39,Ranchi,Ranchi,East,Small Business,2025-11-06
C10845,Customer 0845,Male,40,Kochi,Kochi,South,Consumer,2021-05-21
C10846,Customer 0846,Male,18,Pune,Pune,West,Consumer,2022-04-28
C10847,Customer 0847,Female,49,Kochi,Kochi,South,Consumer,2024-08-21
C10848,Customer 0848,Male,26,Ranchi,Ranchi,East,Consumer,2021-12-11
C10849,Customer 0849,Female,42,Mumbai,Mumbai,West,Corporate,2025-05-05
C10850,Customer 0850,Male,42,Pune,Pune,West,Corporate,2024-07-17
C10851,Customer 0851,Other,24,Chennai,Chennai,South,Consumer,2024-02-06
C10852,Customer 0852,Male,41,Lucknow,Lucknow,North,Small Business,2025-05-01
C10853,Customer 0853,Female,30,Hyderabad,Hyderabad,South,Consumer,2022-04-19
C10854,Customer 0854,Male,18,Patna,Patna,East,Consumer,2024-01-11
C10855,Customer 0855,Female,47,Chennai,Chennai,South,Consumer,2025-07-20
C10856,Customer 0856,Male,25,Chennai,Chennai,South,Consumer,2024-01-13
C10857,Customer 0857,Male,25,Chennai,Chennai,South,Small Business,2024-08-06
C10858,Customer 0858,Female,30,Pune,Pune,West,Consumer,2023-12-31
C10859,Customer 0859,Female,37,Surat,Surat,West,Consumer,2021-06-24
C10860,Customer 0860,Female,33,Hyderabad,Hyderabad,South,Corporate,2023-04-22
C10861,Customer 0861,Female,40,Jaipur,Jaipur,North,Consumer,2025-01-26
C10862,Customer 0862,Female,19,Surat,Surat,West,Corporate,2024-11-19
C10863,Customer 0863,Male,26,Pune,Pune,West,Consumer,2023-05-16
C10864,Customer 0864,Male,33,Pune,Pune,West,Consumer,2024-01-20
C10865,Customer 0865,Male,55,Mumbai,Mumbai,West,Small Business,2022-04-14
C10866,Customer 0866,Female,33,Ahmedabad,Ahmedabad,West,Consumer,2024-12-28
C10867,Customer 0867,Male,46,Chennai,Chennai,South,Corporate,2024-06-26
C10868,Customer 0868,Male,34,Bengaluru,Bengaluru,South,Consumer,2022-10-06
C10869,Customer 0869,Female,29,Patna,Patna,East,Corporate,2022-11-12
C10870,Customer 0870,Female,31,Kolkata,Kolkata,East,Consumer,2023-08-13
C10871,Customer 0871,Male,32,Ahmedabad,Ahmedabad,West,Consumer,2025-05-15
C10872,Customer 0872,Male,41,Bengaluru,Bengaluru,South,Small Business,2023-04-29
C10873,Customer 0873,Male,49,Chandigarh,Chandigarh,North,Consumer,2021-08-29
C10874,Customer 0874,Male,38,Pune,Pune,West,Corporate,2022-12-03
C10875,Customer 0875,Male,47,Chennai,Chennai,South,Corporate,2025-02-28
C10876,Customer 0876,Female,23,Hyderabad,Hyderabad,South,Corporate,2021-12-06
C10877,Customer 0877,Female,29,Chandigarh,Chandigarh,North,Small Business,2023-03-04
C10878,Customer 0878,Female,26,Lucknow,Lucknow,North,Consumer,2023-01-14
C10879,Customer 0879,Male,37,Bengaluru,Bengaluru,South,Consumer,2025-02-03
C10880,Customer 0880,Female,30,Hyderabad,Hyderabad,South,Consumer,2022-04-08
C10881,Customer 0881,Male,42,Hyderabad,Hyderabad,South,Consumer,2023-03-12
C10882,Customer 0882,Male,24,Chandigarh,Chandigarh,North,Consumer,2024-07-22
C10883,Customer 0883,Female,34,Chennai,Chennai,South,Consumer,2021-01-15
C10884,Customer 0884,Male,42,Bengaluru,Bengaluru,South,Consumer,2023-12-01
C10885,Customer 0885,Male,18,Jaipur,Jaipur,North,Consumer,2021-07-27
C10886,Customer 0886,Female,57,Thiruvananthapuram,Thiruvananthapuram,South,Consumer,2023-12-20
C10887,Customer 0887,Male,31,Chandigarh,Chandigarh,North,Corporate,2021-12-31
C10888,Customer 0888,Female,18,Thiruvananthapuram,Thiruvananthapuram,South,Consumer,2024-06-17
C10889,Customer 0889,Male,36,Chennai,Chennai,South,Consumer,2022-08-31
C10890,Customer 0890,Female,34,Kochi,Kochi,South,Small Business,2025-12-19
C10891,Customer 0891,Male,33,Lucknow,Lucknow,North,Consumer,2021-06-09
C10892,Customer 0892,Male,45,Ranchi,Ranchi,East,Small Business,2022-02-01
C10893,Customer 0893,Female,42,Chandigarh,Chandigarh,North,Consumer,2023-03-05
C10894,Customer 0894,Male,37,Surat,Surat,West,Consumer,2022-05-15
C10895,Customer 0895,Male,39,Jaipur,Jaipur,North,Consumer,2021-07-28
C10896,Customer 0896,Male,33,Chennai,Chennai,South,Corporate,2024-03-02
C10897,Customer 0897,Male,54,Kochi,Kochi,South,Consumer,2024-11-05
C10898,Customer 0898,Male,18,Bhubaneswar,Bhubaneswar,East,Corporate,2022-03-09
C10899,Customer 0899,Male,36,Hyderabad,Hyderabad,South,Consumer,2022-09-01
C10900,Customer 0900,Female,35,Hyderabad,Hyderabad,South,Consumer,2025-10-21
C10901,Customer 0901,Male,43,Bengaluru,Bengaluru,South,Consumer,2022-01-24
C10902,Customer 0902,Male,25,Kochi,Kochi,South,Consumer,2023-09-24
C10903,Customer 0903,Male,18,Chennai,Chennai,South,Consumer,2022-08-06
C10904,Customer 0904,Male,36,Mumbai,Mumbai,West,Small Business,2022-03-08
C10905,Customer 0905,Female,37,Surat,Surat,West,Consumer,2024-07-21
C10906,Customer 0906,Male,50,Kolkata,Kolkata,East,Consumer,2021-12-17
C10907,Customer 0907,Female,20,Jaipur,Jaipur,North,Consumer,2021-05-14
C10908,Customer 0908,Male,47,Chennai,Chennai,South,Small Business,2023-12-26
C10909,Customer 0909,Female,60,Thiruvananthapuram,Thiruvananthapuram,South,Small Business,2022-10-01
C10910,Customer 0910,Female,30,Mumbai,Mumbai,West,Corporate,2024-05-13
C10911,Customer 0911,Female,20,Surat,Surat,West,Small Business,2024-08-14
C10912,Customer 0912,Female,30,Bengaluru,Bengaluru,South,Corporate,2021-04-27
C10913,Customer 0913,Female,34,Ahmedabad,Ahmedabad,West,Small Business,2024-07-14
C10914,Customer 0914,Male,40,Surat,Surat,West,Corporate,2025-12-23
C10915,Customer 0915,Male,27,Mumbai,Mumbai,West,Consumer,2021-05-29
C10916,Customer 0916,Female,51,Ahmedabad,Ahmedabad,West,Consumer,2024-05-02
C10917,Customer 0917,Male,22,Hyderabad,Hyderabad,South,Consumer,2025-08-31
C10918,Customer 0918,Male,18,Ranchi,Ranchi,East,Consumer,2021-06-28
C10919,Customer 0919,Female,46,Lucknow,Lucknow,North,Consumer,2021-05-28
C10920,Customer 0920,Male,18,Chennai,Chennai,South,Consumer,2022-04-10
C10921,Customer 0921,Female,32,Kolkata,Kolkata,East,Small Business,2023-09-03
C10922,Customer 0922,Female,68,Mumbai,Mumbai,West,Consumer,2022-07-23
C10923,Customer 0923,Female,34,Bhubaneswar,Bhubaneswar,East,Corporate,2023-10-26
C10924,Customer 0924,Female,22,Lucknow,Lucknow,North,Corporate,2022-06-10
C10925,Customer 0925,Male,33,Pune,Pune,West,Small Business,2021-10-07
C10926,Customer 0926,Male,33,Kochi,Kochi,South,Small Business,2022-05-14
C10927,Customer 0927,Male,36,Chennai,Chennai,South,Corporate,2023-04-16
C10928,Customer 0928,Male,41,Mumbai,Mumbai,West,Consumer,2022-03-12
C10929,Customer 0929,Female,23,New Delhi,New Delhi,North,Consumer,2023-03-27
C10930,Customer 0930,Female,53,Chennai,Chennai,South,Consumer,2024-05-24
C10931,Customer 0931,Male,37,Thiruvananthapuram,Thiruvananthapuram,South,Corporate,2022-11-18
C10932,Customer 0932,Male,42,Lucknow,Lucknow,North,Small Business,2023-04-08
C10933,Customer 0933,Female,27,Kolkata,Kolkata,East,Corporate,2023-08-27
C10934,Customer 0934,Male,48,Mumbai,Mumbai,West,Consumer,2025-03-19
C10935,Customer 0935,Male,31,Bengaluru,Bengaluru,South,Consumer,2024-03-06
C10936,Customer 0936,Male,37,Kochi,Kochi,South,Consumer,2022-09-04
C10937,Customer 0937,Female,24,Bengaluru,Bengaluru,South,Consumer,2022-08-18
C10938,Customer 0938,Female,23,Patna,Patna,East,Consumer,2024-07-27
C10939,Customer 0939,Female,42,Bengaluru,Bengaluru,South,Consumer,2021-05-12
C10940,Customer 0940,Female,29,Surat,Surat,West,Corporate,2022-01-28
C10941,Customer 0941,Male,25,Thiruvananthapuram,Thiruvananthapuram,South,Consumer,2022-04-26
C10942,Customer 0942,Male,27,Pune,Pune,West,Consumer,2025-03-17
C10943,Customer 0943,Female,42,Chandigarh,Chandigarh,North,Small Business,2022-09-20
C10944,Customer 0944,Male,27,Jaipur,Jaipur,North,Consumer,2022-02-23
C10945,Customer 0945,Female,33,Thiruvananthapuram,Thiruvananthapuram,South,Consumer,2024-05-10
C10946,Customer 0946,Female,34,Thiruvananthapuram,Thiruvananthapuram,South,Consumer,2022-10-14
C10947,Customer 0947,Female,18,Kochi,Kochi,South,Consumer,2022-10-20
C10948,Customer 0948,Female,18,Ranchi,Ranchi,East,Consumer,2022-04-07
C10949,Customer 0949,Female,38,Bhubaneswar,Bhubaneswar,East,Consumer,2025-12-07
C10950,Customer 0950,Female,26,Surat,Surat,West,Consumer,2024-05-10
C10951,Customer 0951,Male,46,Pune,Pune,West,Consumer,2021-06-01
C10952,Customer 0952,Male,45,Jaipur,Jaipur,North,Consumer,2021-08-10
C10953,Customer 0953,Male,42,Chennai,Chennai,South,Corporate,2021-03-20
C10954,Customer 0954,Female,54,Patna,Patna,East,Consumer,2024-05-08
C10955,Customer 0955,Male,33,Surat,Surat,West,Small Business,2025-11-21
C10956,Customer 0956,Female,41,Ahmedabad,Ahmedabad,West,Consumer,2021-04-09
C10957,Customer 0957,Male,28,Mumbai,Mumbai,West,Consumer,2023-07-01
C10958,Customer 0958,Female,61,Chennai,Chennai,South,Corporate,2021-08-01
C10959,Customer 0959,Male,56,Bengaluru,Bengaluru,South,Consumer,2024-03-12
C10960,Customer 0960,Female,34,Jaipur,Jaipur,North,Consumer,2022-12-03
C10961,Customer 0961,Female,38,Kochi,Kochi,South,Consumer,2024-11-13
C10962,Customer 0962,Male,49,Surat,Surat,West,Consumer,2024-10-29
C10963,Customer 0963,Male,32,Bengaluru,Bengaluru,South,Corporate,2023-12-12
C10964,Customer 0964,Female,27,Ahmedabad,Ahmedabad,West,Small Business,2023-08-25
C10965,Customer 0965,Male,44,Chennai,Chennai,South,Consumer,2025-07-06
C10966,Customer 0966,Male,35,Bengaluru,Bengaluru,South,Consumer,2021-05-15
C10967,Customer 0967,Female,36,Chandigarh,Chandigarh,North,Consumer,2022-02-15
C10968,Customer 0968,Female,25,Bengaluru,Bengaluru,South,Small Business,2025-02-02
C10969,Customer 0969,Female,18,Pune,Pune,West,Corporate,2024-02-10
C10970,Customer 0970,Male,37,Surat,Surat,West,Small Business,2025-03-29
C10971,Customer 0971,Male,44,Chandigarh,Chandigarh,North,Consumer,2023-02-24
C10972,Customer 0972,Female,32,Kolkata,Kolkata,East,Corporate,2025-11-04
C10973,Customer 0973,Female,50,Jaipur,Jaipur,North,Consumer,2023-12-04
C10974,Customer 0974,Female,26,Chennai,Chennai,South,Consumer,2024-11-21
C10975,Customer 0975,Male,22,Hyderabad,Hyderabad,South,Small Business,2025-05-28
C10976,Customer 0976,Male,33,Bengaluru,Bengaluru,South,Consumer,2021-09-18
C10977,Customer 0977,Male,33,Ahmedabad,Ahmedabad,West,Small Business,2023-01-13
C10978,Customer 0978,Male,42,Bengaluru,Bengaluru,South,Consumer,2022-06-29
C10979,Customer 0979,Male,25,Mumbai,Mumbai,West,Corporate,2022-01-23
C10980,Customer 0980,Male,49,Surat,Surat,West,Consumer,2025-02-08
C10981,Customer 0981,Female,56,Bengaluru,Bengaluru,South,Consumer,2024-12-04
C10982,Customer 0982,Male,34,New Delhi,New Delhi,North,Consumer,2025-05-23
C10983,Customer 0983,Female,48,Hyderabad,Hyderabad,South,Consumer,2021-01-16
C10984,Customer 0984,Female,22,Kochi,Kochi,South,Consumer,2022-10-24
C10985,Customer 0985,Female,46,Chandigarh,Chandigarh,North,Consumer,2021-04-12
C10986,Customer 0986,Male,46,Ahmedabad,Ahmedabad,West,,2024-04-24
C10987,Customer 0987,Female,43,Jaipur,Jaipur,North,Consumer,2023-08-09
C10988,Customer 0988,Female,34,Ahmedabad,Ahmedabad,West,Consumer,2023-07-20
C10989,Customer 0989,Female,18,Thiruvananthapuram,Thiruvananthapuram,South,Consumer,2021-01-25
C10990,Customer 0990,Female,27,Jaipur,Jaipur,North,Corporate,2024-01-01
C10991,Customer 0991,Female,27,Lucknow,Lucknow,North,Small Business,2025-06-05
C10992,Customer 0992,Female,23,Jaipur,Jaipur,North,Consumer,2025-05-16
C10993,Customer 0993,Male,35,Kochi,Kochi,South,Consumer,2021-01-18
C10994,Customer 0994,Female,29,Mumbai,Mumbai,West,Corporate,2025-11-13
C10995,Customer 0995,Male,25,Ahmedabad,Ahmedabad,West,Consumer,2022-07-24
C10996,Customer 0996,Female,22,Chennai,Chennai,South,Consumer,2023-10-14
C10997,Customer 0997,Male,26,Kolkata,Kolkata,East,Consumer,2024-09-17
C10998,Customer 0998,Male,46,Hyderabad,Hyderabad,South,Consumer,2025-05-12
C10999,Customer 0999,Female,27,Patna,Patna,East,Consumer,2024-01-26
C11000,Customer 1000,Female,28,Pune,Pune,West,Consumer,2025-10-17
C11001,Customer 1001,Male,29,Kochi,Kochi,South,Consumer,2023-04-11
C11002,Customer 1002,Male,38,Ahmedabad,Ahmedabad,West,Consumer,2023-11-02
C11003,Customer 1003,Female,39,Patna,Patna,East,Consumer,2023-11-01
C11004,Customer 1004,Male,18,Chandigarh,Chandigarh,North,Consumer,2021-06-12
C11005,Customer 1005,Female,45,Jaipur,Jaipur,North,Consumer,2024-07-30
C11006,Customer 1006,Male,50,Jaipur,Jaipur,North,Consumer,2025-10-19
C11007,Customer 1007,Female,22,Jaipur,Jaipur,North,Small Business,2023-05-22
C11008,Customer 1008,Female,23,Lucknow,Lucknow,North,Consumer,2023-04-15
C11009,Customer 1009,Male,29,Hyderabad,Hyderabad,South,Consumer,2024-06-18
C11010,Customer 1010,Male,26,Ahmedabad,Ahmedabad,West,Consumer,2023-05-07
C11011,Customer 1011,Male,36,Thiruvananthapuram,Thiruvananthapuram,South,Consumer,2023-12-05
C11012,Customer 1012,Female,18,Patna,Patna,East,Consumer,2023-08-28
C11013,Customer 1013,Female,22,Ranchi,Ranchi,East,Consumer,2022-08-16
C11014,Customer 1014,Female,51,Bengaluru,Bengaluru,South,Corporate,2021-09-12
C11015,Customer 1015,Male,24,Lucknow,Lucknow,North,Consumer,2021-03-08
C11016,Customer 1016,Male,48,Kolkata,Kolkata,East,Corporate,2023-07-07
C11017,Customer 1017,Male,38,Chennai,Chennai,South,Consumer,2022-09-06
C11018,Customer 1018,Male,18,Mumbai,Mumbai,West,Small Business,2023-09-01
C11019,Customer 1019,Female,41,Bhubaneswar,Bhubaneswar,East,Corporate,2022-08-26
C11020,Customer 1020,Female,33,Thiruvananthapuram,Thiruvananthapuram,South,Small Business,2023-12-02
C11021,Customer 1021,Female,29,Chandigarh,Chandigarh,North,Consumer,2025-12-17
C11022,Customer 1022,Male,37,Hyderabad,Hyderabad,South,Consumer,2025-12-15
C11023,Customer 1023,Female,39,Patna,Patna,East,Corporate,2022-01-19
C11024,Customer 1024,Female,42,Kolkata,Kolkata,East,Small Business,2025-06-01
C11025,Customer 1025,Female,47,Ranchi,Ranchi,East,Small Business,2024-06-11
C11026,Customer 1026,Female,38,Mumbai,Mumbai,West,Consumer,2023-08-24
C11027,Customer 1027,Male,19,Patna,Patna,East,Corporate,2025-10-04
C11028,Customer 1028,Male,29,New Delhi,New Delhi,North,Consumer,2022-04-30
C11029,Customer 1029,Female,66,Chennai,Chennai,South,Consumer,2025-10-23
C11030,Customer 1030,Male,42,Lucknow,Lucknow,North,Consumer,2025-12-03
C11031,Customer 1031,Male,60,Bengaluru,Bengaluru,South,Consumer,2021-02-08
C11032,Customer 1032,Female,49,Surat,Surat,West,Small Business,2021-01-11
C11033,Customer 1033,Female,37,Bengaluru,Bengaluru,South,Consumer,2022-09-16
C11034,Customer 1034,Female,37,Kochi,Kochi,South,Consumer,2022-02-13
C11035,Customer 1035,Male,34,Thiruvananthapuram,Thiruvananthapuram,South,Consumer,2021-04-18
C11036,Customer 1036,Male,18,Chandigarh,Chandigarh,North,Consumer,2024-01-23
C11037,Customer 1037,Female,34,Kochi,Kochi,South,Consumer,2021-03-25
C11038,Customer 1038,Female,47,Lucknow,Lucknow,North,Consumer,2021-02-27
C11039,Customer 1039,Female,27,Hyderabad,Hyderabad,South,Consumer,2024-08-09
C11040,Customer 1040,Female,39,Thiruvananthapuram,Thiruvananthapuram,South,Corporate,2023-11-06
C11041,Customer 1041,Female,43,Mumbai,Mumbai,West,Small Business,2023-09-18
C11042,Customer 1042,Female,24,Chandigarh,Chandigarh,North,Consumer,2025-02-09
C11043,Customer 1043,Male,29,Bengaluru,Bengaluru,South,Consumer,2023-04-18
C11044,Customer 1044,Female,23,Surat,Surat,West,Consumer,2022-08-28
C11045,Customer 1045,Female,25,Kolkata,Kolkata,East,Corporate,2023-08-27
C11046,Customer 1046,Female,20,Pune,Pune,West,Consumer,2021-06-14
C11047,Customer 1047,Male,24,Kochi,Kochi,South,Consumer,2022-03-13
C11048,Customer 1048,Female,50,Kochi,Kochi,South,Consumer,2022-12-28
C11049,Customer 1049,Male,24,Patna,Patna,East,Small Business,2025-08-07
C11050,Customer 1050,Female,35,Chennai,Chennai,South,Consumer,2025-12-15
C11051,Customer 1051,Male,28,Kolkata,Kolkata,East,Consumer,2022-02-07
C11052,Customer 1052,Female,47,Mumbai,Mumbai,West,Small Business,2024-11-10
C11053,Customer 1053,Male,48,Bhubaneswar,Bhubaneswar,East,Consumer,2024-03-07
C11054,Customer 1054,Male,44,Jaipur,Jaipur,North,Corporate,2022-12-17
C11055,Customer 1055,Male,37,Ranchi,Ranchi,East,Consumer,2023-03-25
C11056,Customer 1056,Female,31,Chennai,Chennai,South,Small Business,2022-12-23
C11057,Customer 1057,Male,21,Lucknow,Lucknow,North,Consumer,2022-06-15
C11058,Customer 1058,Male,55,Surat,Surat,West,Small Business,2021-10-20
C11059,Customer 1059,Female,26,Pune,Pune,West,Consumer,2025-02-07
C11060,Customer 1060,Male,41,Surat,Surat,West,Corporate,2023-10-20
C11061,Customer 1061,Female,46,Kolkata,Kolkata,East,Consumer,2022-04-07
C11062,Customer 1062,Female,28,Ranchi,Ranchi,East,Consumer,2024-10-28
C11063,Customer 1063,Female,45,Chandigarh,Chandigarh,North,Corporate,2024-03-31
C11064,Customer 1064,Male,42,Ahmedabad,Ahmedabad,West,Consumer,2022-10-04
C11065,Customer 1065,Female,53,Mumbai,Mumbai,West,Consumer,2021-02-13
C11066,Customer 1066,Male,29,Lucknow,Lucknow,North,Consumer,2024-01-12
C11067,Customer 1067,Male,20,Thiruvananthapuram,Thiruvananthapuram,South,Corporate,2023-06-11
C11068,Customer 1068,Male,28,Chennai,Chennai,South,Consumer,2022-09-28
C11069,Customer 1069,Female,36,Chennai,Chennai,South,Corporate,2022-06-23
C11070,Customer 1070,Male,35,Thiruvananthapuram,Thiruvananthapuram,South,Consumer,2023-05-12
C11071,Customer 1071,Female,30,Bengaluru,Bengaluru,South,Consumer,2022-06-03
C11072,Customer 1072,Female,18,Kochi,Kochi,South,Consumer,2024-12-05
C11073,Customer 1073,Male,39,Bengaluru,Bengaluru,South,Consumer,2024-09-26
C11074,Customer 1074,Male,56,Hyderabad,Hyderabad,South,Consumer,2022-12-12
C11075,Customer 1075,Female,39,Patna,Patna,East,Consumer,2025-07-06
C11076,Customer 1076,Female,41,Mumbai,Mumbai,West,Consumer,2021-03-30
C11077,Customer 1077,Female,40,Surat,Surat,West,Small Business,2025-07-22
C11078,Customer 1078,Male,38,Lucknow,Lucknow,North,Consumer,2024-06-07
C11079,Customer 1079,Male,44,Thiruvananthapuram,Thiruvananthapuram,South,Consumer,2023-11-08
C11080,Customer 1080,Male,38,Kolkata,Kolkata,East,Consumer,2025-12-30
C11081,Customer 1081,Male,31,Chandigarh,Chandigarh,North,Consumer,2022-11-04
C11082,Customer 1082,Male,25,Kochi,Kochi,South,Consumer,2023-05-14
C11083,Customer 1083,Female,31,Pune,Pune,West,Consumer,2023-06-09
C11084,Customer 1084,Male,37,Kolkata,Kolkata,East,Corporate,2024-07-28
C11085,Customer 1085,Male,31,Kolkata,Kolkata,East,Consumer,2022-02-26
C11086,Customer 1086,Female,37,Ahmedabad,Ahmedabad,West,Consumer,2025-08-29
C11087,Customer 1087,Female,39,Pune,Pune,West,Consumer,2025-12-01
C11088,Customer 1088,Male,43,Thiruvananthapuram,Thiruvananthapuram,South,Consumer,2023-05-26
C11089,Customer 1089,Female,48,Bhubaneswar,Bhubaneswar,East,Consumer,2022-12-03
C11090,Customer 1090,Male,35,Kochi,Kochi,South,Consumer,2021-12-04
C11091,Customer 1091,Male,20,Bhubaneswar,Bhubaneswar,East,Consumer,2021-09-23
C11092,Customer 1092,Male,30,Jaipur,Jaipur,North,Consumer,2023-03-14
C11093,Customer 1093,Female,34,,Pune,West,Corporate,2024-10-10
C11094,Customer 1094,Male,18,Ahmedabad,Ahmedabad,West,Consumer,2021-12-26
C11095,Customer 1095,Male,49,Thiruvananthapuram,Thiruvananthapuram,South,Consumer,2023-10-11
C11096,Customer 1096,Male,36,Hyderabad,Hyderabad,South,Consumer,2025-12-20
C11097,Customer 1097,Female,38,Kochi,Kochi,South,Consumer,2021-08-05
C11098,Customer 1098,Male,49,Bengaluru,Bengaluru,South,Consumer,2021-11-17
C11099,Customer 1099,Male,27,Jaipur,Jaipur,North,Consumer,2023-04-30
C11100,Customer 1100,Male,40,Thiruvananthapuram,Thiruvananthapuram,South,Corporate,2022-12-20
C11101,Customer 1101,Male,33,Hyderabad,Hyderabad,South,Consumer,2025-08-16
C11102,Customer 1102,Female,32,Patna,Patna,East,Consumer,2023-09-19
C11103,Customer 1103,Female,26,Bhubaneswar,Bhubaneswar,East,Consumer,2025-09-13
C11104,Customer 1104,Male,52,Kolkata,Kolkata,East,Consumer,2024-05-20
C11105,Customer 1105,Male,30,Kolkata,Kolkata,East,Consumer,2025-12-14
C11106,Customer 1106,Male,42,Thiruvananthapuram,Thiruvananthapuram,South,Consumer,2023-08-11
C11107,Customer 1107,Male,18,Mumbai,Mumbai,West,Consumer,2024-05-11
C11108,Customer 1108,Male,47,Lucknow,Lucknow,North,Consumer,2022-12-18
C11109,Customer 1109,Female,46,Jaipur,Jaipur,North,Consumer,2023-09-12
C11110,Customer 1110,Female,35,Hyderabad,Hyderabad,South,Corporate,2023-06-15
C11111,Customer 1111,Female,32,Lucknow,Lucknow,North,Consumer,2024-03-22
C11112,Customer 1112,Female,38,Kochi,Kochi,South,Consumer,2025-09-02
C11113,Customer 1113,Female,59,Thiruvananthapuram,Thiruvananthapuram,South,Corporate,2024-12-23
C11114,Customer 1114,Female,18,Ahmedabad,Ahmedabad,West,Corporate,2025-11-12
C11115,Customer 1115,Male,43,Mumbai,Mumbai,West,Small Business,2021-10-14
C11116,Customer 1116,Female,24,Pune,Pune,West,Consumer,2023-01-27
C11117,Customer 1117,Male,34,Chennai,Chennai,South,Corporate,2024-09-06
C11118,Customer 1118,Male,31,Kolkata,Kolkata,East,Consumer,2024-12-30
C11119,Customer 1119,Female,29,Kochi,Kochi,South,Consumer,2025-06-04
C11120,Customer 1120,Male,34,Chennai,Chennai,South,Consumer,2022-05-11
C11121,Customer 1121,Male,22,Ranchi,Ranchi,East,Corporate,2025-06-16
C11122,Customer 1122,Female,45,Patna,Patna,East,Consumer,2024-03-18
C11123,Customer 1123,Male,18,Kolkata,Kolkata,East,Consumer,2022-06-26
C11124,Customer 1124,Male,40,Chandigarh,Chandigarh,North,Consumer,2022-09-27
C11125,Customer 1125,Female,30,Jaipur,Jaipur,North,Consumer,2025-02-14
C11126,Customer 1126,Female,21,Mumbai,Mumbai,West,Corporate,2024-09-11
C11127,Customer 1127,Female,36,Hyderabad,Hyderabad,South,Consumer,2023-07-28
C11128,Customer 1128,Male,18,Ahmedabad,Ahmedabad,West,Consumer,2023-11-19
C11129,Customer 1129,Male,34,Surat,Surat,West,Corporate,2024-07-06
C11130,Customer 1130,Female,18,Kochi,Kochi,South,Consumer,2022-11-29
C11131,Customer 1131,Female,39,New Delhi,New Delhi,North,Consumer,2021-03-16
C11132,Customer 1132,Female,24,Surat,Surat,West,Corporate,2025-04-30
C11133,Customer 1133,Male,29,Chennai,Chennai,South,Small Business,2025-05-24
C11134,Customer 1134,Male,37,Chennai,Chennai,South,Corporate,2022-05-13
C11135,Customer 1135,Female,26,New Delhi,New Delhi,North,Consumer,2024-12-10
C11136,Customer 1136,Male,33,Chennai,Chennai,South,Consumer,2022-12-23
C11137,Customer 1137,Female,18,Ranchi,Ranchi,East,Consumer,2025-11-10
C11138,Customer 1138,Male,41,Mumbai,Mumbai,West,Consumer,2024-09-25
C11139,Customer 1139,Female,53,Mumbai,Mumbai,West,Consumer,2021-11-04
C11140,Customer 1140,Female,65,Ahmedabad,Ahmedabad,West,Consumer,2022-12-05
C11141,Customer 1141,Female,35,Jaipur,Jaipur,North,Corporate,2023-06-03
C11142,Customer 1142,Male,43,Kochi,Kochi,South,Consumer,2025-06-27
C11143,Customer 1143,Female,18,Jaipur,Jaipur,North,Consumer,2024-06-18
C11144,Customer 1144,Female,51,Ahmedabad,Ahmedabad,West,Consumer,2021-09-10
C11145,Customer 1145,Male,43,Hyderabad,Hyderabad,South,Consumer,2023-07-25
C11146,Customer 1146,Female,29,Patna,Patna,East,Small Business,2024-05-28
C11147,Customer 1147,Female,48,Chandigarh,Chandigarh,North,Consumer,2022-02-01
C11148,Customer 1148,Female,31,Lucknow,Lucknow,North,Consumer,2023-09-13
C11149,Customer 1149,Female,29,Ranchi,Ranchi,East,Consumer,2024-09-21
C11150,Customer 1150,Male,39,Ranchi,Ranchi,East,Consumer,2025-10-19
C11151,Customer 1151,Male,22,New Delhi,New Delhi,North,Consumer,2025-10-04
C11152,Customer 1152,Male,45,New Delhi,New Delhi,North,Corporate,2023-11-19
C11153,Customer 1153,Female,22,Jaipur,Jaipur,North,Consumer,2022-05-09
C11154,Customer 1154,Female,22,Chandigarh,Chandigarh,North,Consumer,2023-08-17
C11155,Customer 1155,Female,24,Surat,Surat,West,Consumer,2025-10-14
C11156,Customer 1156,Male,42,Jaipur,Jaipur,North,Corporate,2025-03-06
C11157,Customer 1157,Male,27,Chennai,Chennai,South,Corporate,2024-03-23
C11158,Customer 1158,Female,19,Patna,Patna,East,Consumer,2023-09-19
C11159,Customer 1159,Male,27,Ranchi,Ranchi,East,Consumer,2024-06-08
C11160,Customer 1160,Male,34,Chennai,Chennai,South,Small Business,2021-04-12
C11161,Customer 1161,Female,21,Chandigarh,Chandigarh,North,Corporate,2023-04-07
C11162,Customer 1162,Male,21,Kochi,Kochi,South,Corporate,2021-06-26
C11163,Customer 1163,Male,57,Bengaluru,Bengaluru,South,Corporate,2025-09-13
C11164,Customer 1164,Male,25,Chandigarh,Chandigarh,North,Consumer,2023-09-11
C11165,Customer 1165,Male,30,Bengaluru,Bengaluru,South,Consumer,2023-07-16
C11166,Customer 1166,Other,30,Lucknow,Lucknow,North,Corporate,2021-08-20
C11167,Customer 1167,Male,29,Lucknow,Lucknow,North,Small Business,2021-01-12
C11168,Customer 1168,Male,41,Pune,Pune,West,Consumer,2024-04-24
C11169,Customer 1169,Male,44,Chennai,Chennai,South,Consumer,2023-01-31
C11170,Customer 1170,Female,31,Kochi,Kochi,South,Small Business,2023-07-21
C11171,Customer 1171,Male,20,Mumbai,Mumbai,West,Consumer,2021-09-23
C11172,Customer 1172,Female,48,Kolkata,Kolkata,East,Corporate,2024-03-04
C11173,Customer 1173,Male,33,New Delhi,New Delhi,North,Consumer,2023-01-27
C11174,Customer 1174,Male,53,Chennai,Chennai,South,Consumer,2023-11-21
C11175,Customer 1175,Male,18,New Delhi,New Delhi,North,Consumer,2022-04-01
C11176,Customer 1176,Female,36,Ahmedabad,Ahmedabad,West,Consumer,2021-09-16
C11177,Customer 1177,Female,55,Jaipur,Jaipur,North,Consumer,2024-02-02
C11178,Customer 1178,Male,30,Hyderabad,Hyderabad,South,Consumer,2022-03-07
C11179,Customer 1179,Female,32,New Delhi,New Delhi,North,Corporate,2024-11-06
C11180,Customer 1180,Female,37,Ahmedabad,Ahmedabad,West,Small Business,2022-04-14
C11181,Customer 1181,Male,28,Kolkata,Kolkata,East,Consumer,2025-03-17
C11182,Customer 1182,Female,31,Chennai,Chennai,South,Consumer,2024-05-15
C11183,Customer 1183,Male,30,Lucknow,Lucknow,North,Consumer,2022-10-09
C11184,Customer 1184,Female,27,Ranchi,Ranchi,East,Consumer,2022-03-23
C11185,Customer 1185,Female,48,Kochi,Kochi,South,Consumer,2023-02-22
C11186,Customer 1186,Female,39,Patna,Patna,East,Consumer,2024-01-18
C11187,Customer 1187,Female,37,Lucknow,Lucknow,North,Consumer,2021-07-14
C11188,Customer 1188,Male,43,Bengaluru,Bengaluru,South,Consumer,2024-12-08
C11189,Customer 1189,Female,31,Kochi,Kochi,South,Consumer,2024-02-20
C11190,Customer 1190,Male,25,Jaipur,Jaipur,North,Corporate,2022-04-07
C11191,Customer 1191,Male,27,Thiruvananthapuram,Thiruvananthapuram,South,Consumer,2024-02-14
C11192,Customer 1192,Female,34,Surat,Surat,West,Small Business,2021-07-15
C11193,Customer 1193,Female,22,Thiruvananthapuram,Thiruvananthapuram,South,Small Business,2021-02-05
C11194,Customer 1194,Female,28,Mumbai,Mumbai,West,Small Business,2021-03-08
C11195,Customer 1195,Male,28,Bengaluru,Bengaluru,South,Small Business,2022-10-07
C11196,Customer 1196,Female,57,Patna,Patna,East,Consumer,2024-07-28
C11197,Customer 1197,Female,18,Kolkata,Kolkata,East,Consumer,2025-02-11
C11198,Customer 1198,Male,32,Patna,Patna,East,Consumer,2023-11-01
C11199,Customer 1199,Male,53,Jaipur,Jaipur,North,Corporate,2025-10-20
C11200,Customer 1200,Male,35,Chennai,Chennai,South,Small Business,2021-11-18
C11201,Customer 1201,Male,42,New Delhi,New Delhi,North,Corporate,2025-08-19
C11202,Customer 1202,Other,35,Hyderabad,Hyderabad,South,Consumer,2021-08-28
C11203,Customer 1203,Female,27,Bengaluru,Bengaluru,South,Corporate,2023-10-14
C11204,Customer 1204,Female,18,Kochi,Kochi,South,Consumer,2023-12-20
C11205,Customer 1205,Female,36,Pune,Pune,West,Consumer,2022-10-12
C11206,Customer 1206,Male,25,Lucknow,Lucknow,North,Corporate,2022-07-16
C11207,Customer 1207,Female,25,Lucknow,Lucknow,North,Consumer,2025-08-30
C11208,Customer 1208,Male,29,Ahmedabad,Ahmedabad,West,Small Business,2021-06-14
C11209,Customer 1209,Female,53,Bengaluru,Bengaluru,South,Consumer,2023-04-11
C11210,Customer 1210,Male,60,Kolkata,Kolkata,East,Corporate,2021-07-08
C11211,Customer 1211,Female,36,Pune,Pune,West,Consumer,2025-02-19
C11212,Customer 1212,Male,29,Pune,Pune,West,Corporate,2021-04-02
C11213,Customer 1213,Male,21,Hyderabad,Hyderabad,South,Corporate,2021-10-16
C11214,Customer 1214,Female,39,Chandigarh,Chandigarh,North,Small Business,2025-03-13
C11215,Customer 1215,Male,54,New Delhi,New Delhi,North,Consumer,2024-01-04
C11216,Customer 1216,Female,31,Thiruvananthapuram,Thiruvananthapuram,South,Small Business,2025-04-30
C11217,Customer 1217,Male,18,Kochi,Kochi,South,Consumer,2024-12-22
C11218,Customer 1218,Female,41,New Delhi,New Delhi,North,Consumer,2024-11-09
C11219,Customer 1219,Male,45,Jaipur,Jaipur,North,Consumer,2023-12-13
C11220,Customer 1220,Male,18,Chennai,Chennai,South,Corporate,2021-06-24
C11221,Customer 1221,Male,36,Ranchi,Ranchi,East,Consumer,2025-08-24
C11222,Customer 1222,Male,39,Chennai,Chennai,South,Corporate,2025-05-22
C11223,Customer 1223,Male,33,Ahmedabad,Ahmedabad,West,Corporate,2022-04-19
C11224,Customer 1224,Male,25,Bhubaneswar,Bhubaneswar,East,Consumer,2024-10-16
C11225,Customer 1225,Male,45,Ahmedabad,Ahmedabad,West,Small Business,2021-09-27
C11226,Customer 1226,Male,30,Lucknow,Lucknow,North,Consumer,2022-02-11
C11227,Customer 1227,Female,18,Ahmedabad,Ahmedabad,West,Small Business,2024-02-22
C11228,Customer 1228,Female,18,Hyderabad,Hyderabad,South,Consumer,2022-11-25
C11229,Customer 1229,Male,48,Kolkata,Kolkata,East,Consumer,2022-01-11
C11230,Customer 1230,Female,41,Mumbai,Mumbai,West,Consumer,2024-11-16
C11231,Customer 1231,Female,35,Bhubaneswar,Bhubaneswar,East,Consumer,2021-07-01
C11232,Customer 1232,Male,29,Thiruvananthapuram,Thiruvananthapuram,South,Consumer,2021-02-05
C11233,Customer 1233,Female,28,Hyderabad,Hyderabad,South,Consumer,2024-05-20
C11234,Customer 1234,Male,22,Kochi,Kochi,South,Consumer,2021-05-14
C11235,Customer 1235,Female,29,New Delhi,New Delhi,North,Consumer,2023-05-15
C11236,Customer 1236,Male,18,Ahmedabad,Ahmedabad,West,Consumer,2023-07-13
C11237,Customer 1237,Female,26,Ranchi,Ranchi,East,Corporate,2022-11-21
C11238,Customer 1238,Female,31,Surat,Surat,West,Consumer,2025-08-29
C11239,Customer 1239,Male,41,Ranchi,Ranchi,East,Small Business,2022-05-06
C11240,Customer 1240,Male,34,Hyderabad,Hyderabad,South,Consumer,2023-04-21
C11241,Customer 1241,Female,43,Ranchi,Ranchi,East,Consumer,2023-09-15
C11242,Customer 1242,Male,49,Chandigarh,Chandigarh,North,Consumer,2025-01-01
C11243,Customer 1243,Female,46,Lucknow,Lucknow,North,Consumer,2023-04-19
C11244,Customer 1244,Female,39,Jaipur,Jaipur,North,Consumer,2023-12-06
C11245,Customer 1245,Female,34,New Delhi,New Delhi,North,Consumer,2022-10-30
C11246,Customer 1246,Female,23,Ahmedabad,Ahmedabad,West,Corporate,2024-11-25
C11247,Customer 1247,Female,42,Chennai,Chennai,South,Corporate,2025-02-20
C11248,Customer 1248,Female,52,Kochi,Kochi,South,Consumer,2023-10-17
C11249,Customer 1249,Male,38,Patna,Patna,East,Corporate,2022-03-08
C11250,Customer 1250,Male,55,Surat,Surat,West,Consumer,2024-12-22
C11251,Customer 1251,Male,18,Lucknow,Lucknow,North,Consumer,2023-01-18
C11252,Customer 1252,Female,21,Mumbai,Mumbai,West,Consumer,2023-04-08
C11253,Customer 1253,Female,43,Thiruvananthapuram,Thiruvananthapuram,South,Corporate,2025-05-15
C11254,Customer 1254,Male,37,Chennai,Chennai,South,Corporate,2022-06-01
C11255,Customer 1255,Female,48,New Delhi,New Delhi,North,Corporate,2022-04-07
C11256,Customer 1256,Male,34,Mumbai,Mumbai,West,Consumer,2023-08-24
C11257,Customer 1257,Male,24,Thiruvananthapuram,Thiruvananthapuram,South,Consumer,2021-06-30
C11258,Customer 1258,Female,32,Ahmedabad,Ahmedabad,West,Corporate,2021-05-25
C11259,Customer 1259,Male,18,Thiruvananthapuram,Thiruvananthapuram,South,Consumer,2024-07-12
C11260,Customer 1260,Female,22,Pune,Pune,West,Consumer,2023-01-05
C11261,Customer 1261,Male,45,Bengaluru,Bengaluru,South,Consumer,2022-02-10
C11262,Customer 1262,Female,44,Lucknow,Lucknow,North,Consumer,2023-03-24
C11263,Customer 1263,Female,38,Bengaluru,Bengaluru,South,Consumer,2023-08-27
C11264,Customer 1264,Male,18,Mumbai,Mumbai,West,Consumer,2023-08-13
C11265,Customer 1265,Female,30,Kochi,Kochi,South,Consumer,2022-04-29
C11266,Customer 1266,Female,21,Chennai,Chennai,South,Consumer,2022-04-27
C11267,Customer 1267,Male,47,Surat,Surat,West,Consumer,2024-06-14
C11268,Customer 1268,Male,28,Pune,Pune,West,Consumer,2025-03-29
C11269,Customer 1269,Female,22,Pune,Pune,West,Consumer,2021-12-05
C11270,Customer 1270,Male,34,Chennai,Chennai,South,Consumer,2021-09-25
C11271,Customer 1271,Male,27,Jaipur,Jaipur,North,Consumer,2021-09-23
C11272,Customer 1272,Male,50,Patna,Patna,East,Consumer,2022-06-12
C11273,Customer 1273,Male,26,New Delhi,New Delhi,North,Corporate,2024-01-21
C11274,Customer 1274,Female,19,,Chennai,South,Corporate,2024-06-25
C11275,Customer 1275,Male,18,Mumbai,Mumbai,West,Consumer,2023-11-09
C11276,Customer 1276,Male,34,Chennai,Chennai,South,Consumer,2023-05-22
C11277,Customer 1277,Male,28,Kochi,Kochi,South,Corporate,2024-11-14
C11278,Customer 1278,Male,18,Ranchi,Ranchi,East,Consumer,2024-11-12
C11279,Customer 1279,Female,47,Kochi,Kochi,South,Consumer,2023-07-15
C11280,Customer 1280,Male,41,Ahmedabad,Ahmedabad,West,Consumer,2025-06-27
C11281,Customer 1281,Other,34,Surat,Surat,West,Consumer,2024-01-24
C11282,Customer 1282,Male,49,Chandigarh,Chandigarh,North,Consumer,2022-03-06
C11283,Customer 1283,Male,41,Surat,Surat,West,Small Business,2023-03-06
C11284,Customer 1284,Female,25,Bengaluru,Bengaluru,South,Small Business,2023-07-30
C11285,Customer 1285,Male,23,Kochi,Kochi,South,Consumer,2025-10-15
C11286,Customer 1286,Female,43,Surat,Surat,West,Consumer,2023-11-27
C11287,Customer 1287,Other,38,Kochi,Kochi,South,Consumer,2024-11-17
C11288,Customer 1288,Male,36,Bengaluru,Bengaluru,South,Consumer,2025-05-16
C11289,Customer 1289,Male,25,Thiruvananthapuram,Thiruvananthapuram,South,Consumer,2024-08-07
C11290,Customer 1290,Female,41,Hyderabad,Hyderabad,South,Consumer,2021-10-30
C11291,Customer 1291,Male,26,Surat,Surat,West,Consumer,2025-11-15
C11292,Customer 1292,Male,33,,Bengaluru,South,Consumer,2022-02-05
C11293,Customer 1293,Male,50,Mumbai,Mumbai,West,Consumer,2023-04-03
C11294,Customer 1294,Male,27,Chandigarh,Chandigarh,North,Small Business,2021-12-10
C11295,Customer 1295,Female,18,New Delhi,New Delhi,North,Consumer,2023-05-13
C11296,Customer 1296,Male,22,Thiruvananthapuram,Thiruvananthapuram,South,Small Business,2022-06-02
C11297,Customer 1297,Male,45,Chennai,Chennai,South,Consumer,2024-11-01
C11298,Customer 1298,Female,37,Hyderabad,Hyderabad,South,Consumer,2021-06-14
C11299,Customer 1299,Male,33,Chandigarh,Chandigarh,North,Consumer,2023-11-03
C11300,Customer 1300,Male,28,New Delhi,New Delhi,North,Consumer,2021-01-25
C11301,Customer 1301,Female,39,Chennai,Chennai,South,Consumer,2025-10-26
C11302,Customer 1302,Male,25,Patna,Patna,East,Small Business,2024-02-21
C11303,Customer 1303,Female,37,Bengaluru,Bengaluru,South,Small Business,2021-05-09
C11304,Customer 1304,Female,26,Pune,Pune,West,Consumer,2023-03-28
C11305,Customer 1305,Male,24,Lucknow,Lucknow,North,Consumer,2025-07-16
C11306,Customer 1306,Female,27,Bhubaneswar,Bhubaneswar,East,Consumer,2025-04-20
C11307,Customer 1307,Male,30,New Delhi,New Delhi,North,Consumer,2023-10-15
C11308,Customer 1308,Male,33,New Delhi,New Delhi,North,Consumer,2022-08-18
C11309,Customer 1309,Female,37,Hyderabad,Hyderabad,South,Consumer,2024-08-25
C11310,Customer 1310,Female,18,Jaipur,Jaipur,North,Consumer,2022-03-12
C11311,Customer 1311,Male,25,Bengaluru,Bengaluru,South,Consumer,2021-07-01
C11312,Customer 1312,Female,30,Patna,Patna,East,Consumer,2025-05-31
C11313,Customer 1313,Female,51,Pune,Pune,West,Consumer,2022-09-08
C11314,Customer 1314,Female,22,Jaipur,Jaipur,North,Consumer,2023-01-14
C11315,Customer 1315,Female,36,Mumbai,Mumbai,West,Small Business,2021-02-12
C11316,Customer 1316,Male,50,Jaipur,Jaipur,North,Consumer,2022-02-08
C11317,Customer 1317,Male,20,Ahmedabad,Ahmedabad,West,Corporate,2022-08-28
C11318,Customer 1318,Female,38,Jaipur,Jaipur,North,Corporate,2022-10-18
C11319,Customer 1319,Male,25,Thiruvananthapuram,Thiruvananthapuram,South,Small Business,2025-11-25
C11320,Customer 1320,Female,28,Hyderabad,Hyderabad,South,Corporate,2025-06-02
C11321,Customer 1321,Male,25,Thiruvananthapuram,Thiruvananthapuram,South,Consumer,2021-09-20
C11322,Customer 1322,Male,26,Kochi,Kochi,South,Corporate,2021-03-11
C11323,Customer 1323,Male,64,Bhubaneswar,Bhubaneswar,East,Consumer,2022-10-23
C11324,Customer 1324,Other,43,Chennai,Chennai,South,Consumer,2024-08-08
C11325,Customer 1325,Male,46,Ranchi,Ranchi,East,Small Business,2024-05-22
C11326,Customer 1326,Female,39,Hyderabad,Hyderabad,South,Corporate,2023-05-22
C11327,Customer 1327,Male,18,Hyderabad,Hyderabad,South,Small Business,2023-04-02
C11328,Customer 1328,Male,38,Chandigarh,Chandigarh,North,Corporate,2021-05-27
C11329,Customer 1329,Male,46,Lucknow,Lucknow,North,Corporate,2021-01-25
C11330,Customer 1330,Female,25,Ahmedabad,Ahmedabad,West,Corporate,2024-09-08
C11331,Customer 1331,Male,45,Pune,Pune,West,Corporate,2024-02-07
C11332,Customer 1332,Male,42,Chandigarh,Chandigarh,North,Consumer,2022-11-24
C11333,Customer 1333,Male,54,Kochi,Kochi,South,Small Business,2021-09-08
C11334,Customer 1334,Male,29,Ranchi,Ranchi,East,Corporate,2022-04-27
C11335,Customer 1335,Female,22,Ranchi,Ranchi,East,Corporate,2022-12-16
C11336,Customer 1336,Female,30,Lucknow,Lucknow,North,Consumer,2023-03-27
C11337,Customer 1337,Male,50,Bengaluru,Bengaluru,South,Consumer,2022-11-13
C11338,Customer 1338,Female,18,New Delhi,New Delhi,North,Consumer,2021-06-24
C11339,Customer 1339,Female,18,Bengaluru,Bengaluru,South,Small Business,2024-10-02
C11340,Customer 1340,Male,35,Hyderabad,Hyderabad,South,Consumer,2024-04-08
C11341,Customer 1341,Female,29,Kochi,Kochi,South,Consumer,2021-01-02
C11342,Customer 1342,Female,34,Ahmedabad,Ahmedabad,West,Consumer,2025-07-28
C11343,Customer 1343,Male,44,Ranchi,Ranchi,East,Corporate,2022-10-01
C11344,Customer 1344,Male,28,Chandigarh,Chandigarh,North,Corporate,2025-05-01
C11345,Customer 1345,Female,18,New Delhi,New Delhi,North,Corporate,2022-12-07
C11346,Customer 1346,Female,56,Mumbai,Mumbai,West,Consumer,2021-12-28
C11347,Customer 1347,Male,23,Bengaluru,Bengaluru,South,Consumer,2025-10-11
C11348,Customer 1348,Male,22,Ahmedabad,Ahmedabad,West,Consumer,2024-08-12
C11349,Customer 1349,Male,46,Kolkata,Kolkata,East,Consumer,2022-07-24
C11350,Customer 1350,Female,30,Kochi,Kochi,South,Corporate,2022-08-13
C11351,Customer 1351,Female,33,Ranchi,Ranchi,East,Consumer,2021-07-21
C11352,Customer 1352,Other,39,Surat,Surat,West,Consumer,2023-10-02
C11353,Customer 1353,Male,46,Mumbai,Mumbai,West,Consumer,2024-08-05
C11354,Customer 1354,Female,30,Chandigarh,Chandigarh,North,Consumer,2023-12-22
C11355,Customer 1355,Female,51,Pune,Pune,West,Small Business,2025-03-06
C11356,Customer 1356,Male,18,Patna,Patna,East,Consumer,2025-12-09
C11357,Customer 1357,Male,42,Ranchi,Ranchi,East,Corporate,2021-05-06
C11358,Customer 1358,Female,25,Pune,Pune,West,Consumer,2023-09-19
C11359,Customer 1359,Female,49,Kochi,Kochi,South,Consumer,2021-02-18
C11360,Customer 1360,Female,36,Surat,Surat,West,Consumer,2025-06-12
C11361,Customer 1361,Female,27,Kolkata,Kolkata,East,Consumer,2023-04-26
C11362,Customer 1362,Male,41,Bengaluru,Bengaluru,South,Corporate,2025-12-02
C11363,Customer 1363,Female,44,Mumbai,Mumbai,West,Consumer,2021-06-28
C11364,Customer 1364,Female,41,Jaipur,Jaipur,North,Consumer,2025-05-24
C11365,Customer 1365,Female,23,New Delhi,New Delhi,North,Consumer,2022-05-08
C11366,Customer 1366,Other,29,Thiruvananthapuram,Thiruvananthapuram,South,Consumer,2024-12-27
C11367,Customer 1367,Female,34,Chandigarh,Chandigarh,North,Corporate,2022-07-26
C11368,Customer 1368,Male,34,Ranchi,Ranchi,East,Consumer,2021-10-29
C11369,Customer 1369,Female,42,Hyderabad,Hyderabad,South,Consumer,2023-08-22
C11370,Customer 1370,Male,18,Hyderabad,Hyderabad,South,Corporate,2025-11-20
C11371,Customer 1371,Male,38,Bhubaneswar,Bhubaneswar,East,Consumer,2023-09-17
C11372,Customer 1372,Male,31,Bengaluru,Bengaluru,South,Consumer,2024-04-07
C11373,Customer 1373,Male,25,Patna,Patna,East,Consumer,2023-09-04
C11374,Customer 1374,Female,26,Ahmedabad,Ahmedabad,West,Consumer,2021-09-26
C11375,Customer 1375,Male,32,Chennai,Chennai,South,Corporate,2024-10-19
C11376,Customer 1376,Female,18,Ranchi,Ranchi,East,Consumer,2022-09-16
C11377,Customer 1377,Female,26,Ahmedabad,Ahmedabad,West,Small Business,2021-04-10
C11378,Customer 1378,Male,24,Mumbai,Mumbai,West,Consumer,2021-08-03
C11379,Customer 1379,Female,40,Bengaluru,Bengaluru,South,Small Business,2022-09-17
C11380,Customer 1380,Male,25,Mumbai,Mumbai,West,Consumer,2021-04-07
C11381,Customer 1381,Male,32,Bengaluru,Bengaluru,South,Consumer,2023-03-30
C11382,Customer 1382,Female,51,Mumbai,Mumbai,West,Consumer,2022-09-22
C11383,Customer 1383,Male,45,Ranchi,Ranchi,East,Consumer,2022-07-02
C11384,Customer 1384,Male,44,Bengaluru,Bengaluru,South,Corporate,2021-12-03
C11385,Customer 1385,Female,29,Lucknow,Lucknow,North,Corporate,2021-12-25
C11386,Customer 1386,Female,40,Hyderabad,Hyderabad,South,Consumer,2024-08-06
C11387,Customer 1387,Male,31,Jaipur,Jaipur,North,Consumer,2024-11-20
C11388,Customer 1388,Female,32,Bengaluru,Bengaluru,South,Consumer,2023-03-27
C11389,Customer 1389,Female,39,Kolkata,Kolkata,East,Small Business,2021-12-26
C11390,Customer 1390,Female,27,Pune,Pune,West,Small Business,2023-10-12
C11391,Customer 1391,Male,50,Bengaluru,Bengaluru,South,Consumer,2021-12-13
C11392,Customer 1392,Female,32,Bengaluru,Bengaluru,South,Corporate,2024-02-22
C11393,Customer 1393,Female,41,Chennai,Chennai,South,Small Business,2022-07-06
C11394,Customer 1394,Female,50,Pune,Pune,West,Consumer,2025-08-04
C11395,Customer 1395,Female,45,Hyderabad,Hyderabad,South,Corporate,2022-06-22
C11396,Customer 1396,Male,19,New Delhi,New Delhi,North,Consumer,2022-10-16
C11397,Customer 1397,Male,39,Ahmedabad,Ahmedabad,West,Consumer,2022-02-26
C11398,Customer 1398,Male,43,Hyderabad,Hyderabad,South,Consumer,2021-12-02
C11399,Customer 1399,Male,44,Surat,Surat,West,Consumer,2025-03-07
C11400,Customer 1400,Female,22,Lucknow,Lucknow,North,Consumer,2021-02-26
C11401,Customer 1401,Male,27,Thiruvananthapuram,Thiruvananthapuram,South,Consumer,2025-08-13
C11402,Customer 1402,Female,45,Hyderabad,Hyderabad,South,Corporate,2023-10-14
C11403,Customer 1403,Female,26,Kochi,Kochi,South,Consumer,2023-07-01
C11404,Customer 1404,Male,31,Chandigarh,Chandigarh,North,Consumer,2022-12-18
C11405,Customer 1405,Male,51,Lucknow,Lucknow,North,Small Business,2024-01-05
C11406,Customer 1406,Female,33,Mumbai,Mumbai,West,Consumer,2025-01-29
C11407,Customer 1407,Female,26,Lucknow,Lucknow,North,Consumer,2021-10-12
C11408,Customer 1408,Male,24,Lucknow,Lucknow,North,Small Business,2022-12-23
C11409,Customer 1409,Male,38,Pune,Pune,West,Small Business,2022-01-21
C11410,Customer 1410,Female,19,Bhubaneswar,Bhubaneswar,East,Consumer,2023-08-08
C11411,Customer 1411,Female,31,Bengaluru,Bengaluru,South,Consumer,2023-02-09
C11412,Customer 1412,Male,38,Chennai,Chennai,South,Small Business,2024-07-06
C11413,Customer 1413,Female,48,Thiruvananthapuram,Thiruvananthapuram,South,Consumer,2025-02-09
C11414,Customer 1414,Male,41,Thiruvananthapuram,Thiruvananthapuram,South,Consumer,2025-09-16
C11415,Customer 1415,Male,26,Pune,Pune,West,Consumer,2023-04-20
C11416,Customer 1416,Male,47,Bhubaneswar,Bhubaneswar,East,Consumer,2021-01-11
C11417,Customer 1417,Male,31,Kochi,Kochi,South,Corporate,2023-08-30
C11418,Customer 1418,Male,20,Bengaluru,Bengaluru,South,Corporate,2022-11-03
C11419,Customer 1419,Female,32,Mumbai,Mumbai,West,Small Business,2021-09-17
C11420,Customer 1420,Male,50,Kolkata,Kolkata,East,Corporate,2022-01-28
C11421,Customer 1421,Male,36,Bengaluru,Bengaluru,South,Consumer,2022-08-23
C11422,Customer 1422,Male,34,Pune,Pune,West,Consumer,2024-10-24
C11423,Customer 1423,Female,52,Hyderabad,Hyderabad,South,Small Business,2024-04-22
C11424,Customer 1424,Male,18,Chennai,Chennai,South,Consumer,2023-11-06
C11425,Customer 1425,Male,20,Bhubaneswar,Bhubaneswar,East,Consumer,2023-01-26
C11426,Customer 1426,Female,18,Bhubaneswar,Bhubaneswar,East,Small Business,2025-03-10
C11427,Customer 1427,Other,38,Thiruvananthapuram,Thiruvananthapuram,South,Consumer,2024-01-15
C11428,Customer 1428,Male,36,Bhubaneswar,Bhubaneswar,East,Consumer,2022-12-12
C11429,Customer 1429,Female,51,Chandigarh,Chandigarh,North,Small Business,2023-10-31
C11430,Customer 1430,Female,37,Kolkata,Kolkata,East,Small Business,2022-04-22
C11431,Customer 1431,Female,30,Surat,Surat,West,Consumer,2024-04-02
C11432,Customer 1432,Male,34,Ahmedabad,Ahmedabad,West,Corporate,2021-01-24
C11433,Customer 1433,Female,35,Pune,Pune,West,Consumer,2025-05-19
C11434,Customer 1434,Male,18,Chandigarh,Chandigarh,North,Consumer,2021-11-08
C11435,Customer 1435,Female,64,Hyderabad,Hyderabad,South,Small Business,2024-06-15
C11436,Customer 1436,Female,40,Bengaluru,Bengaluru,South,Small Business,2022-04-07
C11437,Customer 1437,Male,36,Chennai,Chennai,South,Consumer,2025-01-25
C11438,Customer 1438,Female,41,Jaipur ,Jaipur,North,Consumer,2024-06-15
C11439,Customer 1439,Male,42,Hyderabad,Hyderabad,South,Consumer,2021-01-22
C11440,Customer 1440,Female,32,Jaipur,Jaipur,North,Consumer,2021-06-29
C11441,Customer 1441,Male,27,Patna,Patna,East,Consumer,2025-05-02
C11442,Customer 1442,Male,41,Chennai,Chennai,South,Consumer,2023-03-02
C11443,Customer 1443,Male,38,Jaipur,Jaipur,North,Consumer,2025-10-26
C11444,Customer 1444,Female,25,Ahmedabad,Ahmedabad,West,Consumer,2022-12-31
C11445,Customer 1445,Male,50,Ranchi,Ranchi,East,Consumer,2025-03-03
C11446,Customer 1446,Male,37,Chennai,Chennai,South,Corporate,2025-02-07
C11447,Customer 1447,Male,42,Lucknow,Lucknow,North,Consumer,2023-01-19
C11448,Customer 1448,Female,49,Chandigarh,Chandigarh,North,Consumer,2022-12-17
C11449,Customer 1449,Female,34,Ranchi,Ranchi,East,Corporate,2021-12-05
C11450,Customer 1450,Male,37,Jaipur,Jaipur,North,Corporate,2022-06-15
C11451,Customer 1451,Male,43,Pune,Pune,West,Consumer,2022-11-23
C11452,Customer 1452,Male,26,Pune,Pune,West,Consumer,2021-06-11
C11453,Customer 1453,Male,35,Patna,Patna,East,Corporate,2025-12-26
C11454,Customer 1454,Male,35,Mumbai,Mumbai,West,Consumer,2023-12-21
C11455,Customer 1455,Female,23,Chennai,Chennai,South,Corporate,2024-01-14
C11456,Customer 1456,Male,59,Patna,Patna,East,Consumer,2025-04-20
C11457,Customer 1457,Male,19,New Delhi,New Delhi,North,Consumer,2022-05-05
C11458,Customer 1458,Male,20,New Delhi,New Delhi,North,Consumer,2021-01-05
C11459,Customer 1459,Female,48,Bengaluru,Bengaluru,South,Corporate,2021-03-17
C11460,Customer 1460,Female,42,New Delhi,New Delhi,North,Small Business,2024-06-30
C11461,Customer 1461,Female,23,Pune,Pune,West,Consumer,2021-01-07
C11462,Customer 1462,Male,41,Lucknow,Lucknow,North,Consumer,2022-11-12
C11463,Customer 1463,Male,50,Chennai,Chennai,South,Consumer,2025-07-24
C11464,Customer 1464,Male,34,Jaipur,Jaipur,North,Consumer,2022-04-18
C11465,Customer 1465,Male,63,Ranchi,Ranchi,East,Small Business,2024-03-07
C11466,Customer 1466,Female,18,Kochi,Kochi,South,Consumer,2024-10-13
C11467,Customer 1467,Female,42,Bhubaneswar,Bhubaneswar,East,Small Business,2023-03-23
C11468,Customer 1468,Female,47,Surat,Surat,West,Consumer,2023-04-18
C11469,Customer 1469,Female,44,Patna,Patna,East,Small Business,2022-08-26
C11470,Customer 1470,Male,32,New Delhi,New Delhi,North,Corporate,2024-04-01
C11471,Customer 1471,Female,31,Surat,Surat,West,Consumer,2021-11-14
C11472,Customer 1472,Male,39,New Delhi,New Delhi,North,Consumer,2025-01-21
C11473,Customer 1473,Male,43,Ranchi,Ranchi,East,Consumer,2024-06-30
C11474,Customer 1474,Female,41,Ahmedabad,Ahmedabad,West,Consumer,2024-05-09
C11475,Customer 1475,Male,45,Thiruvananthapuram,Thiruvananthapuram,South,Consumer,2025-04-05
C11476,Customer 1476,Male,23,Chandigarh,Chandigarh,North,Consumer,2025-10-31
C11477,Customer 1477,Male,31,New Delhi,New Delhi,North,Small Business,2025-08-26
C11478,Customer 1478,Female,24,Lucknow,Lucknow,North,Consumer,2024-04-03
C11479,Customer 1479,Female,30,Jaipur,Jaipur,North,Corporate,2021-08-20
C11480,Customer 1480,Male,45,Mumbai,Mumbai,West,Small Business,2021-11-24
C11481,Customer 1481,Female,35,Lucknow,Lucknow,North,Corporate,2021-08-26
C11482,Customer 1482,Male,63,Kochi,Kochi,South,Consumer,2024-02-18
C11483,Customer 1483,Male,36,Ahmedabad,Ahmedabad,West,Consumer,2023-08-08
C11484,Customer 1484,Female,35,Thiruvananthapuram,Thiruvananthapuram,South,Consumer,2023-06-14
C11485,Customer 1485,Female,35,Thiruvananthapuram,Thiruvananthapuram,South,Consumer,2022-09-11
C11486,Customer 1486,Other,27,Mumbai,Mumbai,West,Consumer,2021-09-07
C11487,Customer 1487,Male,33,Ahmedabad,Ahmedabad,West,Corporate,2024-09-21
C11488,Customer 1488,Female,46,Chandigarh ,Chandigarh,North,Consumer,2024-07-31
C11489,Customer 1489,Female,35,Pune,Pune,West,Consumer,2021-07-17
C11490,Customer 1490,Female,25,Surat,Surat,West,Small Business,2022-02-20
C11491,Customer 1491,Male,24,Chennai,Chennai,South,Consumer,2023-01-02
C11492,Customer 1492,Female,29,Mumbai,Mumbai,West,Consumer,2024-11-19
C11493,Customer 1493,Female,35,Kochi,Kochi,South,Corporate,2023-07-27
C11494,Customer 1494,Male,47,Kochi,Kochi,South,Consumer,2024-03-20
C11495,Customer 1495,Male,19,Ahmedabad,Ahmedabad,West,Consumer,2025-12-27
C11496,Customer 1496,Male,30,Jaipur,Jaipur,North,Consumer,2024-07-12
C11497,Customer 1497,Female,36,Pune,Pune,West,Corporate,2024-05-28
C11498,Customer 1498,Female,18,Surat,Surat,West,Consumer,2024-05-24
C11499,Customer 1499,Female,25,Mumbai,Mumbai,West,Consumer,2024-08-31
C11500,Customer 1500,Female,27,Patna,Patna,East,Consumer,2025-08-19
C11501,Customer 1501,Female,25,Pune,Pune,West,Consumer,2021-08-04
C11502,Customer 1502,Male,36,Ahmedabad,Ahmedabad,West,Consumer,2024-09-20
C11503,Customer 1503,Male,32,Kochi,Kochi,South,Consumer,2024-10-14
C11504,Customer 1504,Female,28,Kochi,Kochi,South,Consumer,2025-07-08
C11505,Customer 1505,Male,39,Pune,Pune,West,Consumer,2024-03-30
C11506,Customer 1506,Male,53,Surat,Surat,West,Consumer,2023-03-26
C11507,Customer 1507,Female,52,Surat,Surat,West,Consumer,2022-09-02
C11508,Customer 1508,Male,18,Mumbai,Mumbai,West,Consumer,2022-05-26
C11509,Customer 1509,Male,40,Mumbai,Mumbai,West,Consumer,2023-07-07
C11510,Customer 1510,Male,32,Chandigarh,Chandigarh,North,Consumer,2021-06-06
C11511,Customer 1511,Male,36,New Delhi,New Delhi,North,Corporate,2021-06-11
C11512,Customer 1512,Female,30,Jaipur,Jaipur,North,Corporate,2021-02-11
C11513,Customer 1513,Female,35,Bhubaneswar,Bhubaneswar,East,Consumer,2024-04-18
C11514,Customer 1514,Female,36,Bengaluru,Bengaluru,South,Consumer,2021-10-30
C11515,Customer 1515,Male,28,Chennai,Chennai,South,Consumer,2024-09-15
C11516,Customer 1516,Female,24,Kochi,Kochi,South,Consumer,2025-05-06
C11517,Customer 1517,Female,29,Lucknow,Lucknow,North,Consumer,2023-10-11
C11518,Customer 1518,Female,37,Bhubaneswar,Bhubaneswar,East,Consumer,2023-02-03
C11519,Customer 1519,Male,41,Hyderabad,Hyderabad,South,Corporate,2024-12-23
C11520,Customer 1520,Female,43,Ranchi,Ranchi,East,Consumer,2024-10-05
C11521,Customer 1521,Female,29,Thiruvananthapuram,Thiruvananthapuram,South,Consumer,2021-04-30
C11522,Customer 1522,Female,37,Kolkata,Kolkata,East,Corporate,2024-01-04
C11523,Customer 1523,Female,45,Hyderabad,Hyderabad,South,Consumer,2022-11-05
C11524,Customer 1524,Male,47,Bengaluru,Bengaluru,South,Consumer,2022-10-23
C11525,Customer 1525,Female,33,Mumbai,Mumbai,West,Small Business,2021-05-03
C11526,Customer 1526,Male,32,Hyderabad,Hyderabad,South,Small Business,2022-10-15
C11527,Customer 1527,Female,36,Hyderabad,Hyderabad,South,Corporate,2024-04-20
C11528,Customer 1528,Male,21,Hyderabad,Hyderabad,South,Consumer,2023-07-10
C11529,Customer 1529,Male,32,New Delhi,New Delhi,North,Consumer,2023-10-11
C11530,Customer 1530,Male,42,Surat,Surat,West,Small Business,2023-02-28
C11531,Customer 1531,Female,41,Chennai,Chennai,South,Consumer,2021-09-14
C11532,Customer 1532,Male,31,Mumbai,Mumbai,West,Corporate,2023-01-27
C11533,Customer 1533,Female,36,Chandigarh,Chandigarh,North,Consumer,2022-08-21
C11534,Customer 1534,Female,25,Bengaluru,Bengaluru,South,Consumer,2025-05-26
C11535,Customer 1535,Male,42,Ahmedabad,Ahmedabad,West,Small Business,2024-07-16
C11536,Customer 1536,Male,33,Kochi,Kochi,South,Consumer,2025-02-25
C11537,Customer 1537,Male,31,Bengaluru,Bengaluru,South,Consumer,2024-04-18
C11538,Customer 1538,Female,30,New Delhi,New Delhi,North,Consumer,2023-03-02
C11539,Customer 1539,Female,33,Bengaluru,Bengaluru,South,Consumer,2024-03-18
C11540,Customer 1540,Male,29,Pune,Pune,West,Consumer,2025-03-22
C11541,Customer 1541,Male,41,New Delhi,New Delhi,North,Consumer,2024-03-17
C11542,Customer 1542,Female,30,Hyderabad,Hyderabad,South,Consumer,2022-11-11
C11543,Customer 1543,Female,52,Ahmedabad,Ahmedabad,West,Corporate,2023-10-30
C11544,Customer 1544,Female,50,Thiruvananthapuram,Thiruvananthapuram,South,Consumer,2024-04-16
C11545,Customer 1545,Female,24,Kolkata,Kolkata,East,Small Business,2023-03-07
C11546,Customer 1546,Male,35,Ahmedabad,Ahmedabad,West,Consumer,2024-11-19
C11547,Customer 1547,Male,27,Lucknow,Lucknow,North,Consumer,2025-07-10
C11548,Customer 1548,Male,30,Pune,Pune,West,Consumer,2022-08-31
C11549,Customer 1549,Male,56,Chennai,Chennai,South,Corporate,2021-11-27
C11550,Customer 1550,Male,31,Chandigarh,Chandigarh,North,Small Business,2021-02-25
C11551,Customer 1551,Male,38,Bhubaneswar,Bhubaneswar,East,Corporate,2024-05-15
C11552,Customer 1552,Male,40,Pune,Pune,West,Consumer,2021-04-15
C11553,Customer 1553,Female,23,New Delhi,New Delhi,North,Consumer,2022-07-01
C11554,Customer 1554,Female,25,Ranchi,Ranchi,East,Corporate,2025-10-11
C11555,Customer 1555,Female,21,Kochi,Kochi,South,Small Business,2023-03-04
C11556,Customer 1556,Female,24,Bengaluru,Bengaluru,South,Small Business,2024-10-10
C11557,Customer 1557,Male,18,Pune,Pune,West,Consumer,2025-08-10
C11558,Customer 1558,Female,40,Mumbai,Mumbai,West,Small Business,2022-05-04
C11559,Customer 1559,Male,57,Jaipur,Jaipur,North,Consumer,2025-12-28
C11560,Customer 1560,Female,36,Kolkata,Kolkata,East,Consumer,2025-06-05
C11561,Customer 1561,Male,18,Bengaluru,Bengaluru,South,Consumer,2025-03-07
C11562,Customer 1562,Other,27,Bengaluru,Bengaluru,South,Consumer,2023-12-10
C11563,Customer 1563,Male,29,Chandigarh,Chandigarh,North,Corporate,2024-01-16
C11564,Customer 1564,Male,23,Hyderabad,Hyderabad,South,Corporate,2025-09-23
C11565,Customer 1565,Female,43,Chandigarh,Chandigarh,North,Corporate,2021-10-30
C11566,Customer 1566,Male,43,Ahmedabad,Ahmedabad,West,Consumer,2023-10-22
C11567,Customer 1567,Female,21,New Delhi,New Delhi,North,Consumer,2024-11-05
C11568,Customer 1568,Female,42,Thiruvananthapuram,Thiruvananthapuram,South,Corporate,2022-10-12
C11569,Customer 1569,Female,51,Ahmedabad,Ahmedabad,West,Consumer,2022-10-10
C11570,Customer 1570,Female,55,Ahmedabad,Ahmedabad,West,Corporate,2024-10-17
C11571,Customer 1571,Female,66,Mumbai,Mumbai,West,Consumer,2022-01-16
C11572,Customer 1572,Male,24,Bengaluru,Bengaluru,South,Consumer,2025-08-17
C11573,Customer 1573,Female,65,Lucknow,Lucknow,North,Consumer,2021-06-11
C11574,Customer 1574,Female,30,Kolkata,Kolkata,East,Small Business,2021-01-19
C11575,Customer 1575,Female,27,Bengaluru,Bengaluru,South,Consumer,2023-09-01
C11576,Customer 1576,Male,38,Chennai,Chennai,South,Consumer,2021-08-31
C11577,Customer 1577,Female,28,Chennai,Chennai,South,Corporate,2021-05-09
C11578,Customer 1578,Other,38,Chandigarh,Chandigarh,North,Consumer,2024-04-14
C11579,Customer 1579,Female,19,Surat,Surat,West,Small Business,2022-02-13
C11580,Customer 1580,Male,31,Ahmedabad,Ahmedabad,West,Consumer,2023-03-03
C11581,Customer 1581,Male,48,Thiruvananthapuram,Thiruvananthapuram,South,Consumer,2023-08-01
C11582,Customer 1582,Male,33,Surat,Surat,West,Small Business,2024-01-13
C11583,Customer 1583,Female,36,Surat,Surat,West,Consumer,2024-10-31
C11584,Customer 1584,Female,39,Ahmedabad,Ahmedabad,West,Consumer,2021-08-10
C11585,Customer 1585,Male,47,Patna,Patna,East,Consumer,2024-09-10
C11586,Customer 1586,Male,18,Kochi,Kochi,South,Consumer,2025-01-14
C11587,Customer 1587,Male,40,Chandigarh,Chandigarh,North,Consumer,2024-12-10
C11588,Customer 1588,Male,31,Mumbai,Mumbai,West,Consumer,2025-08-08
C11589,Customer 1589,Female,36,Surat,Surat,West,Corporate,2022-03-21
C11590,Customer 1590,Female,46,Jaipur,Jaipur,North,Corporate,2022-09-10
C11591,Customer 1591,Male,21,Lucknow,Lucknow,North,Consumer,2024-09-10
C11592,Customer 1592,Female,23,Patna,Patna,East,Consumer,2022-06-07
C11593,Customer 1593,Male,18,Kochi,Kochi,South,Consumer,2021-06-15
C11594,Customer 1594,Female,28,Kochi,Kochi,South,Consumer,2022-12-09
C11595,Customer 1595,Male,49,Lucknow,Lucknow,North,Consumer,2023-01-13
C11596,Customer 1596,Male,33,Ahmedabad,Ahmedabad,West,Consumer,2025-08-10
C11597,Customer 1597,Male,19,Bengaluru,Bengaluru,South,Consumer,2024-06-15
C11598,Customer 1598,Female,29,Chennai,Chennai,South,Consumer,2023-10-06
C11599,Customer 1599,Female,18,Hyderabad,Hyderabad,South,Consumer,2023-07-02
C11600,Customer 1600,Female,22,Ranchi,Ranchi,East,Corporate,2023-11-03
C11601,Customer 1601,Male,38,Thiruvananthapuram,Thiruvananthapuram,South,Corporate,2025-10-21
C11602,Customer 1602,Male,21,Chennai,Chennai,South,Consumer,2024-07-04
C11603,Customer 1603,Male,46,Bengaluru,Bengaluru,South,Corporate,2025-03-18
C11604,Customer 1604,Female,33,Chennai,Chennai,South,Consumer,2024-05-18
C11605,Customer 1605,Male,35,Kochi,Kochi,South,Small Business,2025-02-16
C11606,Customer 1606,Female,31,Ahmedabad,Ahmedabad,West,Consumer,2021-12-31
C11607,Customer 1607,Female,43,Hyderabad,Hyderabad,South,Corporate,2021-08-13
C11608,Customer 1608,Female,43,Chandigarh,Chandigarh,North,Consumer,2023-09-23
C11609,Customer 1609,Male,38,Bengaluru,Bengaluru,South,Consumer,2021-07-13
C11610,Customer 1610,Male,40,Mumbai,Mumbai,West,Consumer,2024-05-04
C11611,Customer 1611,Male,32,Kolkata,Kolkata,East,Consumer,2024-11-24
C11612,Customer 1612,Female,40,Chandigarh,Chandigarh,North,Consumer,2025-12-01
C11613,Customer 1613,Female,30,Ahmedabad,Ahmedabad,West,Consumer,2021-02-26
C11614,Customer 1614,Male,34,Hyderabad,Hyderabad,South,Corporate,2025-07-07
C11615,Customer 1615,Male,31,Thiruvananthapuram,Thiruvananthapuram,South,Consumer,2021-08-01
C11616,Customer 1616,Female,29,New Delhi,New Delhi,North,Consumer,2024-07-26
C11617,Customer 1617,Female,26,Bhubaneswar,Bhubaneswar,East,Consumer,2025-11-15
C11618,Customer 1618,Male,39,Chandigarh,Chandigarh,North,Small Business,2024-11-04
C11619,Customer 1619,Female,48,Mumbai,Mumbai,West,Corporate,2021-04-27
C11620,Customer 1620,Male,47,Jaipur,Jaipur,North,Corporate,2025-01-14
C11621,Customer 1621,Male,20,Mumbai,Mumbai,West,Consumer,2022-08-22
C11622,Customer 1622,Female,48,Thiruvananthapuram,Thiruvananthapuram,South,Consumer,2022-02-14
C11623,Customer 1623,Female,31,Ahmedabad,Ahmedabad,West,Consumer,2024-10-22
C11624,Customer 1624,Female,41,Patna,Patna,East,Consumer,2025-12-04
C11625,Customer 1625,Male,24,Chennai,Chennai,South,Consumer,2023-03-23
C11626,Customer 1626,Female,36,New Delhi,New Delhi,North,Consumer,2023-07-18
C11627,Customer 1627,Male,37,Hyderabad,Hyderabad,South,Consumer,2024-02-11
C11628,Customer 1628,Male,18,Pune,Pune,West,Consumer,2024-04-02
C11629,Customer 1629,Female,41,Chennai,Chennai,South,Consumer,2021-01-04
C11630,Customer 1630,Male,49,Ahmedabad,Ahmedabad,West,Corporate,2025-07-12
C11631,Customer 1631,Female,32,Lucknow,Lucknow,North,Consumer,2021-01-23
C11632,Customer 1632,Female,49,Chennai,Chennai,South,Corporate,2023-07-10
C11633,Customer 1633,Male,32,New Delhi,New Delhi,North,Consumer,2023-01-15
C11634,Customer 1634,Male,43,Jaipur,Jaipur,North,Consumer,2022-08-25
C11635,Customer 1635,Male,18,Patna,Patna,East,Consumer,2023-09-15
C11636,Customer 1636,Male,61,Chennai,Chennai,South,Corporate,2025-11-26
C11637,Customer 1637,Female,50,Ahmedabad,Ahmedabad,West,Consumer,2024-01-21
C11638,Customer 1638,Female,31,Bengaluru,Bengaluru,South,Corporate,2022-04-14
C11639,Customer 1639,Male,18,Bhubaneswar,Bhubaneswar,East,Consumer,2023-08-28
C11640,Customer 1640,Male,37,Kolkata,Kolkata,East,Consumer,2024-03-24
C11641,Customer 1641,Female,18,Mumbai,Mumbai,West,Corporate,2022-09-19
C11642,Customer 1642,Female,39,Jaipur,Jaipur,North,Consumer,2021-07-26
C11643,Customer 1643,Male,39,Surat,Surat,West,Corporate,2023-10-11
C11644,Customer 1644,Male,24,Surat,Surat,West,Consumer,2021-03-22
C11645,Customer 1645,Female,46,Hyderabad,Hyderabad,South,Consumer,2022-09-07
C11646,Customer 1646,Male,43,New Delhi,New Delhi,North,Corporate,2022-04-28
C11647,Customer 1647,Male,45,Bengaluru,Bengaluru,South,Small Business,2022-08-15
C11648,Customer 1648,Female,34,Lucknow,Lucknow,North,Consumer,2024-12-01
C11649,Customer 1649,Female,18,Chandigarh,Chandigarh,North,Corporate,2024-02-01
C11650,Customer 1650,Female,45,Jaipur,Jaipur,North,Consumer,2024-06-17
C11651,Customer 1651,Female,31,Hyderabad,Hyderabad,South,Corporate,2024-07-12
C11652,Customer 1652,Female,19,Bengaluru,Bengaluru,South,Consumer,2021-02-02
C11653,Customer 1653,Male,49,Chennai,Chennai,South,Consumer,2021-02-04
C11654,Customer 1654,Male,57,Pune ,Pune,West,Consumer,2024-06-26
C11655,Customer 1655,Male,34,Kochi,Kochi,South,Consumer,2023-09-27
C11656,Customer 1656,Male,58,Bhubaneswar,Bhubaneswar,East,Consumer,2023-12-10
C11657,Customer 1657,Female,35,Mumbai,Mumbai,West,Consumer,2021-10-07
C11658,Customer 1658,Female,30,Chennai,Chennai,South,Consumer,2025-11-13
C11659,Customer 1659,Female,27,Pune,Pune,West,Small Business,2021-06-01
C11660,Customer 1660,Female,52,Surat,Surat,West,Consumer,2025-08-10
C11661,Customer 1661,Male,25,Mumbai,Mumbai,West,Consumer,2025-04-24
C11662,Customer 1662,Male,42,Ahmedabad,Ahmedabad,West,Consumer,2022-12-02
C11663,Customer 1663,Female,28,Patna,Patna,East,Small Business,2025-04-10
C11664,Customer 1664,Female,29,Mumbai,Mumbai,West,Consumer,2025-11-15
C11665,Customer 1665,Female,45,Patna,Patna,East,Consumer,2023-01-05
C11666,Customer 1666,Female,30,Patna,Patna,East,Consumer,2023-10-16
C11667,Customer 1667,Female,30,Thiruvananthapuram,Thiruvananthapuram,South,Consumer,2024-06-07
C11668,Customer 1668,Female,46,Bhubaneswar,Bhubaneswar,East,Consumer,2022-10-27
C11669,Customer 1669,Male,52,Bengaluru,Bengaluru,South,Consumer,2023-07-12
C11670,Customer 1670,Female,41,Jaipur,Jaipur,North,Consumer,2024-08-04
C11671,Customer 1671,Female,27,Mumbai,Mumbai,West,Consumer,2024-11-19
C11672,Customer 1672,Male,28,Bhubaneswar,Bhubaneswar,East,Consumer,2022-03-29
C11673,Customer 1673,Female,35,Bhubaneswar,Bhubaneswar,East,Consumer,2022-09-12
C11674,Customer 1674,Male,38,Jaipur,Jaipur,North,Consumer,2023-11-23
C11675,Customer 1675,Female,23,Chandigarh,Chandigarh,North,Small Business,2024-10-18
C11676,Customer 1676,Male,42,Kochi,Kochi,South,Small Business,2024-02-09
C11677,Customer 1677,Female,35,Bengaluru,Bengaluru,South,Consumer,2024-02-19
C11678,Customer 1678,Male,18,Ahmedabad,Ahmedabad,West,Consumer,2021-01-16
C11679,Customer 1679,Female,24,Chennai,Chennai,South,Consumer,2023-01-09
C11680,Customer 1680,Male,28,Jaipur,Jaipur,North,Consumer,2025-03-27
C11681,Customer 1681,Male,33,Hyderabad,Hyderabad,South,Consumer,2022-12-16
C11682,Customer 1682,Female,55,Kolkata,Kolkata,East,Consumer,2022-12-15
C11683,Customer 1683,Female,37,New Delhi,New Delhi,North,Small Business,2021-04-08
C11684,Customer 1684,Male,25,Lucknow,Lucknow,North,Corporate,2021-04-26
C11685,Customer 1685,Male,36,Chennai,Chennai,South,Consumer,2023-08-23
C11686,Customer 1686,Female,30,Ranchi,Ranchi,East,Consumer,2025-02-03
C11687,Customer 1687,Female,38,Ranchi,Ranchi,East,Small Business,2025-01-02
C11688,Customer 1688,Female,40,Surat,Surat,West,Small Business,2024-07-28
C11689,Customer 1689,Male,47,Mumbai,Mumbai,West,Small Business,2021-12-15
C11690,Customer 1690,Female,34,Jaipur,Jaipur,North,Consumer,2021-08-20
C11691,Customer 1691,Male,52,Bengaluru,Bengaluru,South,Consumer,2024-02-09
C11692,Customer 1692,Male,44,Mumbai,Mumbai,West,Consumer,2024-10-07
C11693,Customer 1693,Female,26,Surat,Surat,West,Consumer,2023-11-02
C11694,Customer 1694,Female,58,Chennai,Chennai,South,Consumer,2023-09-11
C11695,Customer 1695,Female,38,Ahmedabad,Ahmedabad,West,Consumer,2025-02-20
C11696,Customer 1696,Male,25,Thiruvananthapuram,Thiruvananthapuram,South,Small Business,2025-04-06
C11697,Customer 1697,Male,52,Hyderabad,Hyderabad,South,Corporate,2022-10-01
C11698,Customer 1698,Male,57,Hyderabad,Hyderabad,South,Consumer,2021-10-12
C11699,Customer 1699,Other,34,Bhubaneswar,Bhubaneswar,East,Small Business,2025-07-15
C11700,Customer 1700,Male,28,Pune,Pune,West,Consumer,2022-09-28
C11701,Customer 1701,Male,32,Ranchi,Ranchi,East,Corporate,2022-06-29
C11702,Customer 1702,Male,42,Mumbai,Mumbai,West,Consumer,2022-01-27
C11703,Customer 1703,Female,48,Kochi,Kochi,South,Consumer,2024-04-08
C11704,Customer 1704,Male,40,Pune,Pune,West,Consumer,2021-03-18
C11705,Customer 1705,Female,35,Ahmedabad,Ahmedabad,West,Consumer,2021-10-24
C11706,Customer 1706,Male,50,Thiruvananthapuram,Thiruvananthapuram,South,Consumer,2021-11-26
C11707,Customer 1707,Female,31,Jaipur,Jaipur,North,Consumer,2023-12-23
C11708,Customer 1708,Male,45,Bengaluru,Bengaluru,South,Small Business,2021-09-27
C11709,Customer 1709,Female,31,Pune,Pune,West,Consumer,2021-08-04
C11710,Customer 1710,Female,39,Lucknow,Lucknow,North,Consumer,2024-04-28
C11711,Customer 1711,Male,33,Hyderabad,Hyderabad,South,Consumer,2024-01-04
C11712,Customer 1712,Female,33,Bengaluru,Bengaluru,South,Consumer,2025-09-06
C11713,Customer 1713,Male,30,New Delhi,New Delhi,North,Consumer,2022-05-25
C11714,Customer 1714,Female,49,Ahmedabad,Ahmedabad,West,Corporate,2022-08-02
C11715,Customer 1715,Female,26,Thiruvananthapuram,Thiruvananthapuram,South,Consumer,2024-01-22
C11716,Customer 1716,Male,26,Patna,Patna,East,Consumer,2023-12-13
C11717,Customer 1717,Male,57,Thiruvananthapuram,Thiruvananthapuram,South,Corporate,2022-05-11
C11718,Customer 1718,Male,45,Lucknow,Lucknow,North,Consumer,2023-08-06
C11719,Customer 1719,Male,18,Kolkata,Kolkata,East,Consumer,2021-04-04
C11720,Customer 1720,Male,28,Hyderabad,Hyderabad,South,Small Business,2022-09-17
C11721,Customer 1721,Male,18,Thiruvananthapuram,Thiruvananthapuram,South,Consumer,2021-08-17
C11722,Customer 1722,Male,24,Hyderabad,Hyderabad,South,Consumer,2021-09-07
C11723,Customer 1723,Female,18,Hyderabad,Hyderabad,South,Small Business,2024-11-15
C11724,Customer 1724,Male,32,Thiruvananthapuram,Thiruvananthapuram,South,Consumer,2022-12-22
C11725,Customer 1725,Male,21,Jaipur,Jaipur,North,Consumer,2023-09-07
C11726,Customer 1726,Female,35,Hyderabad,Hyderabad,South,Small Business,2021-07-01
C11727,Customer 1727,Male,18,Ahmedabad,Ahmedabad,West,Consumer,2021-09-24
C11728,Customer 1728,Male,35,Kolkata,Kolkata,East,Consumer,2023-10-01
C11729,Customer 1729,Male,29,New Delhi,New Delhi,North,Corporate,2021-10-08
C11730,Customer 1730,Female,51,Mumbai,Mumbai,West,Corporate,2023-08-20
C11731,Customer 1731,Female,50,Kochi,Kochi,South,Consumer,2022-10-29
C11732,Customer 1732,Male,43,Ahmedabad,Ahmedabad,West,Consumer,2024-01-12
C11733,Customer 1733,Female,30,Pune,Pune,West,Corporate,2024-04-24
C11734,Customer 1734,Female,56,Surat,Surat,West,Corporate,2025-08-02
C11735,Customer 1735,Female,18,Hyderabad,Hyderabad,South,Consumer,2025-05-10
C11736,Customer 1736,Female,19,Kolkata,Kolkata,East,Consumer,2022-06-15
C11737,Customer 1737,Female,33,Surat,Surat,West,Consumer,2024-10-03
C11738,Customer 1738,Male,59,Hyderabad,Hyderabad,South,Corporate,2022-02-27
C11739,Customer 1739,Male,32,Ahmedabad,Ahmedabad,West,Small Business,2023-09-08
C11740,Customer 1740,Male,32,Ahmedabad,Ahmedabad,West,Small Business,2022-03-30
C11741,Customer 1741,Female,18,Chandigarh,Chandigarh,North,Corporate,2021-09-24
C11742,Customer 1742,Female,44,Jaipur,Jaipur,North,Consumer,2022-05-22
C11743,Customer 1743,Female,44,Chandigarh,Chandigarh,North,Consumer,2024-03-11
C11744,Customer 1744,Other,43,Bengaluru,Bengaluru,South,Corporate,2021-11-12
C11745,Customer 1745,Male,27,Surat,Surat,West,Corporate,2025-08-27
C11746,Customer 1746,Female,26,Mumbai,Mumbai,West,Consumer,2023-02-03
C11747,Customer 1747,Female,20,Kochi,Kochi,South,Consumer,2024-06-09
C11748,Customer 1748,Female,35,Thiruvananthapuram,Thiruvananthapuram,South,Small Business,2024-08-13
C11749,Customer 1749,Other,22,Chandigarh,Chandigarh,North,Consumer,2023-06-17
C11750,Customer 1750,Female,21,Chennai,Chennai,South,Consumer,2023-08-11
C11751,Customer 1751,Male,29,Surat,Surat,West,Consumer,2023-05-25
C11752,Customer 1752,Female,29,Chennai,Chennai,South,Consumer,2025-05-15
C11753,Customer 1753,Male,28,Thiruvananthapuram,Thiruvananthapuram,South,Consumer,2023-07-05
C11754,Customer 1754,Female,39,Bengaluru,Bengaluru,South,Corporate,2021-01-22
C11755,Customer 1755,Female,35,Bhubaneswar,Bhubaneswar,East,Consumer,2022-01-19
C11756,Customer 1756,Male,31,Lucknow,Lucknow,North,Consumer,2024-02-24
C11757,Customer 1757,Female,36,Patna,Patna,East,Consumer,2021-04-13
C11758,Customer 1758,Male,23,Ahmedabad,Ahmedabad,West,Corporate,2023-06-19
C11759,Customer 1759,Male,35,Chennai,Chennai,South,Small Business,2023-01-03
C11760,Customer 1760,Male,36,Pune,Pune,West,Corporate,2021-04-20
C11761,Customer 1761,Female,18,Ahmedabad,Ahmedabad,West,Small Business,2025-05-13
C11762,Customer 1762,Female,45,New Delhi,New Delhi,North,Consumer,2025-02-04
C11763,Customer 1763,Female,24,Bengaluru,Bengaluru,South,Consumer,2023-12-25
C11764,Customer 1764,Male,35,Pune,Pune,West,Consumer,2025-02-04
C11765,Customer 1765,Female,47,Chennai,Chennai,South,Consumer,2025-05-13
C11766,Customer 1766,Female,44,Kochi,Kochi,South,Corporate,2022-11-01
C11767,Customer 1767,Male,34,Lucknow,Lucknow,North,Consumer,2024-01-05
C11768,Customer 1768,Male,30,Surat,Surat,West,Small Business,2023-11-09
C11769,Customer 1769,Male,44,Pune,Pune,West,Consumer,2022-01-19
C11770,Customer 1770,Female,41,Pune,Pune,West,Consumer,2021-07-09
C11771,Customer 1771,Female,27,Mumbai,Mumbai,West,Consumer,2023-02-01
C11772,Customer 1772,Female,25,New Delhi,New Delhi,North,Consumer,2021-12-26
C11773,Customer 1773,Male,18,Patna,Patna,East,Consumer,2023-05-25
C11774,Customer 1774,Female,36,Ranchi,Ranchi,East,Consumer,2023-06-05
C11775,Customer 1775,Male,33,Chandigarh,Chandigarh,North,Consumer,2025-01-15
C11776,Customer 1776,Male,46,Thiruvananthapuram,Thiruvananthapuram,South,Consumer,2021-03-20
C11777,Customer 1777,Female,38,Jaipur,Jaipur,North,Consumer,2022-08-19
C11778,Customer 1778,Male,49,Ahmedabad,Ahmedabad,West,Consumer,2024-04-10
C11779,Customer 1779,Female,26,Hyderabad,Hyderabad,South,Consumer,2024-05-20
C11780,Customer 1780,Male,47,Lucknow,Lucknow,North,Consumer,2023-06-05
C11781,Customer 1781,Female,28,Thiruvananthapuram,Thiruvananthapuram,South,Consumer,2023-10-12
C11782,Customer 1782,Male,43,Bhubaneswar,Bhubaneswar,East,Consumer,2025-01-08
C11783,Customer 1783,Female,18,Surat,Surat,West,Consumer,2021-05-29
C11784,Customer 1784,Male,37,Chandigarh,Chandigarh,North,Consumer,2021-01-10
C11785,Customer 1785,Male,18,Chandigarh,Chandigarh,North,Consumer,2025-04-15
C11786,Customer 1786,Female,31,Patna,Patna,East,Consumer,2023-03-03
C11787,Customer 1787,Male,39,Chandigarh,Chandigarh,North,Consumer,2023-12-15
C11788,Customer 1788,Female,28,Mumbai,Mumbai,West,Corporate,2023-05-22
C11789,Customer 1789,Other,22,Kochi,Kochi,South,Consumer,2025-07-21
C11790,Customer 1790,Male,43,Surat,Surat,West,Consumer,2021-06-29
C11791,Customer 1791,Male,33,Hyderabad,Hyderabad,South,Corporate,2023-01-14
C11792,Customer 1792,Female,29,Chandigarh,Chandigarh,North,Consumer,2022-01-16
C11793,Customer 1793,Female,34,Pune,Pune,West,Corporate,2024-12-16
C11794,Customer 1794,Female,63,Jaipur,Jaipur,North,Consumer,2022-03-27
C11795,Customer 1795,Female,47,Hyderabad,Hyderabad,South,Consumer,2024-01-22
C11796,Customer 1796,Female,47,Bengaluru,Bengaluru,South,Corporate,2025-03-24
C11797,Customer 1797,Male,39,New Delhi,New Delhi,North,Consumer,2024-12-07
C11798,Customer 1798,Female,36,Kochi,Kochi,South,Consumer,2025-11-18
C11799,Customer 1799,Female,18,Bengaluru,Bengaluru,South,Consumer,2022-01-29
C11800,Customer 1800,Male,27,Chennai,Chennai,South,Consumer,2023-08-23
C11801,Customer 1801,Male,29,Ranchi,Ranchi,East,Consumer,2024-09-16
C11802,Customer 1802,Male,18,Lucknow,Lucknow,North,Consumer,2025-09-28
C11803,Customer 1803,Male,21,Hyderabad,Hyderabad,South,Corporate,2022-03-09
C11804,Customer 1804,Female,18,Kochi,Kochi,South,Corporate,2023-08-12
C11805,Customer 1805,Male,34,Kochi,Kochi,South,Consumer,2024-04-01
C11806,Customer 1806,Male,43,Chandigarh,Chandigarh,North,Small Business,2023-08-04
C11807,Customer 1807,Male,46,Jaipur,Jaipur,North,Consumer,2023-11-30
C11808,Customer 1808,Other,39,Bengaluru,Bengaluru,South,Consumer,2023-02-05
C11809,Customer 1809,Female,23,Bengaluru,Bengaluru,South,Corporate,2023-06-27
C11810,Customer 1810,Male,18,Chennai,Chennai,South,Corporate,2021-03-26
C11811,Customer 1811,Male,18,Lucknow,Lucknow,North,Corporate,2023-02-23
C11812,Customer 1812,Other,20,New Delhi,New Delhi,North,Consumer,2025-06-02
C11813,Customer 1813,Female,24,Chennai,Chennai,South,Consumer,2025-10-15
C11814,Customer 1814,Male,32,Kochi,Kochi,South,Corporate,2023-03-27
C11815,Customer 1815,Male,23,,Hyderabad,South,Consumer,2025-11-26
C11816,Customer 1816,Male,38,Bhubaneswar,Bhubaneswar,East,Consumer,2024-01-20
C11817,Customer 1817,Male,31,Bengaluru,Bengaluru,South,Consumer,2025-02-16
C11818,Customer 1818,Female,34,Lucknow,Lucknow,North,Corporate,2024-11-09
C11819,Customer 1819,Female,47,Mumbai,Mumbai,West,Consumer,2024-05-01
C11820,Customer 1820,Female,21,Surat,Surat,West,Consumer,2024-06-30
C11821,Customer 1821,Female,39,Hyderabad,Hyderabad,South,Consumer,2025-12-19
C11822,Customer 1822,Male,34,Chennai,Chennai,South,Consumer,2025-08-06
C11823,Customer 1823,Female,30,Ahmedabad,Ahmedabad,West,Corporate,2024-06-21
C11824,Customer 1824,Female,44,New Delhi,New Delhi,North,Consumer,2025-10-14
C11825,Customer 1825,Male,44,Jaipur,Jaipur,North,Consumer,2022-12-08
C11826,Customer 1826,Male,24,Mumbai,Mumbai,West,Consumer,2021-09-27
C11827,Customer 1827,Female,32,Chennai,Chennai,South,Consumer,2023-04-21
C11828,Customer 1828,Male,37,Patna,Patna,East,Consumer,2023-11-09
C11829,Customer 1829,Male,31,Lucknow,Lucknow,North,Consumer,2023-11-30
C11830,Customer 1830,Female,40,Hyderabad,Hyderabad,South,Consumer,2025-06-22
C11831,Customer 1831,Other,37,Patna,Patna,East,Consumer,2022-05-31
C11832,Customer 1832,Male,54,Pune,Pune,West,Corporate,2023-11-23
C11833,Customer 1833,Female,18,Pune,Pune,West,Corporate,2025-08-28
C11834,Customer 1834,Male,33,Chandigarh,Chandigarh,North,Consumer,2022-03-26
C11835,Customer 1835,Female,24,New Delhi,New Delhi,North,Consumer,2025-04-12
C11836,Customer 1836,Female,41,New Delhi,New Delhi,North,Small Business,2022-11-16
C11837,Customer 1837,Female,18,,Kochi,South,Consumer,2022-09-17
C11838,Customer 1838,Male,38,Thiruvananthapuram,Thiruvananthapuram,South,Consumer,2023-06-04
C11839,Customer 1839,Female,27,Patna,Patna,East,Corporate,2025-06-19
C11840,Customer 1840,Female,26,Chennai,Chennai,South,Consumer,2021-11-15
C11841,Customer 1841,Male,18,Surat,Surat,West,Consumer,2025-11-04
C11842,Customer 1842,Male,29,Pune,Pune,West,Consumer,2025-07-28
C11843,Customer 1843,Male,46,Pune,Pune,West,Consumer,2024-02-22
C11844,Customer 1844,Male,34,Ahmedabad,Ahmedabad,West,Small Business,2024-10-27
C11845,Customer 1845,Female,41,Patna,Patna,East,Consumer,2024-10-06
C11846,Customer 1846,Male,52,Thiruvananthapuram,Thiruvananthapuram,South,Consumer,2024-09-08
C11847,Customer 1847,Male,37,Chennai,Chennai,South,Small Business,2022-05-03
C11848,Customer 1848,Female,28,Hyderabad,Hyderabad,South,Small Business,2022-03-27
C11849,Customer 1849,Male,39,Patna,Patna,East,Consumer,2021-12-19
C11850,Customer 1850,Female,28,Lucknow,Lucknow,North,Consumer,2024-02-14
C11851,Customer 1851,Male,28,Hyderabad,Hyderabad,South,,2023-08-13
C11852,Customer 1852,Female,18,Chandigarh,Chandigarh,North,Corporate,2023-11-03
C11853,Customer 1853,Female,44,Patna,Patna,East,Consumer,2021-11-16
C11854,Customer 1854,Female,30,Chandigarh,Chandigarh,North,Consumer,2024-04-03
C11855,Customer 1855,Male,36,Kolkata,Kolkata,East,Consumer,2025-10-10
C11856,Customer 1856,Female,23,Bengaluru,Bengaluru,South,Consumer,2021-03-26
C11857,Customer 1857,Male,39,Lucknow,Lucknow,North,Consumer,2021-09-05
C11858,Customer 1858,Male,26,Mumbai,Mumbai,West,Consumer,2024-12-26
C11859,Customer 1859,Male,32,Chandigarh,Chandigarh,North,Consumer,2022-07-22
C11860,Customer 1860,Female,44,Lucknow,Lucknow,North,Consumer,2022-11-15
C11861,Customer 1861,Male,43,New Delhi,New Delhi,North,Consumer,2025-08-04
C11862,Customer 1862,Female,34,Chandigarh,Chandigarh,North,Consumer,2022-10-06
C11863,Customer 1863,Male,18,Bengaluru,Bengaluru,South,Corporate,2022-04-24
C11864,Customer 1864,Male,67,Pune,Pune,West,Corporate,2022-12-14
C11865,Customer 1865,Female,53,Kolkata,Kolkata,East,Consumer,2022-01-03
C11866,Customer 1866,Male,42,Ranchi,Ranchi,East,Consumer,2025-12-30
C11867,Customer 1867,Female,26,Thiruvananthapuram,Thiruvananthapuram,South,Consumer,2021-12-23
C11868,Customer 1868,Male,33,Hyderabad,Hyderabad,South,Consumer,2022-02-12
C11869,Customer 1869,Female,28,Hyderabad,Hyderabad,South,Consumer,2024-09-30
C11870,Customer 1870,Female,48,Chandigarh,Chandigarh,North,Consumer,2021-06-28
C11871,Customer 1871,Male,37,Jaipur,Jaipur,North,Corporate,2024-12-19
C11872,Customer 1872,Male,25,Thiruvananthapuram,Thiruvananthapuram,South,Consumer,2025-04-14
C11873,Customer 1873,Female,29,Mumbai,Mumbai,West,Consumer,2025-01-06
C11874,Customer 1874,Female,46,New Delhi,New Delhi,North,Consumer,2024-08-22
C11875,Customer 1875,Male,52,Jaipur,Jaipur,North,Corporate,2022-01-02
C11876,Customer 1876,Male,51,Mumbai,Mumbai,West,Consumer,2023-11-26
C11877,Customer 1877,Female,42,Surat,Surat,West,Corporate,2022-04-08
C11878,Customer 1878,Female,31,Ahmedabad,Ahmedabad,West,Consumer,2025-07-03
C11879,Customer 1879,Male,18,Chennai,Chennai,South,Corporate,2023-04-08
C11880,Customer 1880,Male,37,Pune,Pune,West,Small Business,2024-03-15
C11881,Customer 1881,Male,34,Chandigarh,Chandigarh,North,Small Business,2025-12-17
C11882,Customer 1882,Female,36,Bhubaneswar,Bhubaneswar,East,Consumer,2021-05-26
C11883,Customer 1883,Male,35,Chandigarh,Chandigarh,North,Consumer,2022-01-15
C11884,Customer 1884,Other,19,Chandigarh,Chandigarh,North,Consumer,2021-06-17
C11885,Customer 1885,Male,40,Kochi,Kochi,South,Small Business,2025-11-28
C11886,Customer 1886,Male,41,Pune,Pune,West,Consumer,2024-07-22
C11887,Customer 1887,Female,42,Hyderabad,Hyderabad,South,Consumer,2021-03-28
C11888,Customer 1888,Female,44,Thiruvananthapuram,Thiruvananthapuram,South,Consumer,2021-06-03
C11889,Customer 1889,Female,41,Lucknow,Lucknow,North,Consumer,2022-05-12
C11890,Customer 1890,Male,29,Ranchi,Ranchi,East,Consumer,2025-12-26
C11891,Customer 1891,Female,33,Hyderabad,Hyderabad,South,Consumer,2021-11-11
C11892,Customer 1892,Female,35,Surat,Surat,West,Consumer,2025-06-22
C11893,Customer 1893,Female,35,Lucknow,Lucknow,North,Consumer,2022-12-24
C11894,Customer 1894,Male,45,Thiruvananthapuram,Thiruvananthapuram,South,Small Business,2025-05-03
C11895,Customer 1895,Male,41,Surat,Surat,West,Corporate,2024-07-21
C11896,Customer 1896,Male,57,Lucknow,Lucknow,North,Corporate,2025-09-26
C11897,Customer 1897,Female,58,Ahmedabad,Ahmedabad,West,Consumer,2023-02-03
C11898,Customer 1898,Male,35,Bengaluru,Bengaluru,South,Corporate,2025-12-24
C11899,Customer 1899,Female,18,Hyderabad,Hyderabad,South,Consumer,2021-09-19
C11900,Customer 1900,Female,48,Chandigarh,Chandigarh,North,Consumer,2022-05-02
C11901,Customer 1901,Female,28,Pune,Pune,West,Consumer,2022-03-30
C11902,Customer 1902,Female,25,Thiruvananthapuram,Thiruvananthapuram,South,Consumer,2022-03-19
C11903,Customer 1903,Male,30,Lucknow,Lucknow,North,Consumer,2024-07-09
C11904,Customer 1904,Male,29,Hyderabad,Hyderabad,South,Small Business,2022-06-27
C11905,Customer 1905,Male,41,Lucknow,Lucknow,North,Consumer,2024-02-03
C11906,Customer 1906,Female,18,Thiruvananthapuram,Thiruvananthapuram,South,Consumer,2021-12-16
C11907,Customer 1907,Male,22,Patna,Patna,East,Consumer,2023-04-04
C11908,Customer 1908,Female,38,Ahmedabad,Ahmedabad,West,Consumer,2022-03-14
C11909,Customer 1909,Male,41,Thiruvananthapuram,Thiruvananthapuram,South,Consumer,2021-06-18
C11910,Customer 1910,Male,41,Chennai,Chennai,South,Consumer,2025-11-07
C11911,Customer 1911,Male,25,Bengaluru,Bengaluru,South,Corporate,2025-12-15
C11912,Customer 1912,Female,23,Ranchi,Ranchi,East,Consumer,2024-09-28
C11913,Customer 1913,Female,28,Patna,Patna,East,Consumer,2024-06-07
C11914,Customer 1914,Male,37,Ahmedabad,Ahmedabad,West,Corporate,2021-01-23
C11915,Customer 1915,Female,50,Ahmedabad,Ahmedabad,West,Small Business,2023-09-15
C11916,Customer 1916,Male,18,New Delhi,New Delhi,North,Corporate,2022-11-07
C11917,Customer 1917,Other,32,Ranchi,Ranchi,East,Consumer,2021-10-08
C11918,Customer 1918,Female,19,Surat,Surat,West,Consumer,2025-03-23
C11919,Customer 1919,Male,18,Ahmedabad,Ahmedabad,West,Consumer,2022-12-23
C11920,Customer 1920,Female,45,Pune,Pune,West,Corporate,2021-09-10
C11921,Customer 1921,Male,40,Lucknow,Lucknow,North,Corporate,2022-02-08
C11922,Customer 1922,Female,39,Kochi,Kochi,South,Consumer,2021-05-13
C11923,Customer 1923,Male,44,Ahmedabad,Ahmedabad,West,Consumer,2024-07-21
C11924,Customer 1924,Female,29,Kochi,Kochi,South,Corporate,2022-09-10
C11925,Customer 1925,Male,29,Lucknow,Lucknow,North,Consumer,2021-08-20
C11926,Customer 1926,Female,58,Chennai,Chennai,South,Consumer,2022-06-29
C11927,Customer 1927,Female,31,Ahmedabad,Ahmedabad,West,Consumer,2021-03-20
C11928,Customer 1928,Female,42,Surat,Surat,West,Consumer,2023-11-25
C11929,Customer 1929,Female,34,Jaipur,Jaipur,North,Small Business,2022-05-10
C11930,Customer 1930,Female,18,Thiruvananthapuram,Thiruvananthapuram,South,Consumer,2024-02-08
C11931,Customer 1931,Male,18,Ahmedabad,Ahmedabad,West,Consumer,2024-09-06
C11932,Customer 1932,Male,28,Ahmedabad,Ahmedabad,West,Consumer,2025-05-18
C11933,Customer 1933,Male,46,Pune,Pune,West,Consumer,2021-11-24
C11934,Customer 1934,Other,43,Mumbai,Mumbai,West,Consumer,2023-08-25
C11935,Customer 1935,Male,44,Jaipur,Jaipur,North,Consumer,2022-11-21
C11936,Customer 1936,Female,23,Jaipur,Jaipur,North,Consumer,2022-01-19
C11937,Customer 1937,Female,52,Kochi,Kochi,South,Consumer,2024-10-19
C11938,Customer 1938,Male,23,Jaipur,Jaipur,North,Corporate,2024-06-09
C11939,Customer 1939,Male,36,Pune,Pune,West,Consumer,2025-06-28
C11940,Customer 1940,Male,34,Kochi,Kochi,South,Consumer,2024-12-08
C11941,Customer 1941,Male,32,Kochi,Kochi,South,Small Business,2024-08-10
C11942,Customer 1942,Male,49,Chennai,Chennai,South,Consumer,2022-07-01
C11943,Customer 1943,Male,26,Lucknow,Lucknow,North,Corporate,2025-09-26
C11944,Customer 1944,Female,19,Chandigarh,Chandigarh,North,Consumer,2024-04-12
C11945,Customer 1945,Female,34,New Delhi,New Delhi,North,Corporate,2022-01-27
C11946,Customer 1946,Male,30,Pune,Pune,West,Corporate,2024-01-31
C11947,Customer 1947,Male,70,Mumbai,Mumbai,West,Consumer,2024-08-09
C11948,Customer 1948,Male,41,Hyderabad,Hyderabad,South,Corporate,2024-01-14
C11949,Customer 1949,Female,29,Thiruvananthapuram,Thiruvananthapuram,South,Small Business,2023-06-28
C11950,Customer 1950,Female,22,Surat,Surat,West,Consumer,2024-05-09
C11951,Customer 1951,Male,18,Chennai,Chennai,South,Consumer,2022-11-16
C11952,Customer 1952,Male,23,Chennai,Chennai,South,Consumer,2022-06-25
C11953,Customer 1953,Female,35,,Pune,West,Corporate,2021-10-24
C11954,Customer 1954,Female,50,Lucknow,Lucknow,North,Consumer,2021-02-25
C11955,Customer 1955,Male,46,Patna,Patna,East,Consumer,2025-02-04
C11956,Customer 1956,Female,37,Patna,Patna,East,Consumer,2023-11-06
C11957,Customer 1957,Male,30,New Delhi,New Delhi,North,Consumer,2025-08-03
C11958,Customer 1958,Male,37,Mumbai,Mumbai,West,Consumer,2021-03-07
C11959,Customer 1959,Female,28,Jaipur,Jaipur,North,Consumer,2023-08-16
C11960,Customer 1960,Female,53,New Delhi,New Delhi,North,Corporate,2025-08-10
C11961,Customer 1961,Male,32,Thiruvananthapuram,Thiruvananthapuram,South,Consumer,2025-08-21
C11962,Customer 1962,Female,33,Surat,Surat,West,Consumer,2025-02-04
C11963,Customer 1963,Male,18,Jaipur,Jaipur,North,Consumer,2025-05-24
C11964,Customer 1964,Female,32,Mumbai,Mumbai,West,Consumer,2023-11-13
C11965,Customer 1965,Male,43,Surat,Surat,West,Consumer,2022-12-03
C11966,Customer 1966,Female,22,Surat,Surat,West,Consumer,2023-01-30
C11967,Customer 1967,Female,26,Thiruvananthapuram,Thiruvananthapuram,South,Consumer,2022-05-01
C11968,Customer 1968,Male,43,Ahmedabad,Ahmedabad,West,Consumer,2024-12-09
C11969,Customer 1969,Female,18,Kochi,Kochi,South,Consumer,2023-04-01
C11970,Customer 1970,Female,46,Kochi,Kochi,South,Consumer,2023-06-07
C11971,Customer 1971,Female,28,Bengaluru,Bengaluru,South,Small Business,2025-08-08
C11972,Customer 1972,Male,30,New Delhi,New Delhi,North,Consumer,2024-08-21
C11973,Customer 1973,Female,22,Bengaluru,Bengaluru,South,Corporate,2021-06-26
C11974,Customer 1974,Female,38,Ahmedabad,Ahmedabad,West,Corporate,2021-07-14
C11975,Customer 1975,Male,61,Chennai,Chennai,South,Consumer,2023-11-03
C11976,Customer 1976,Female,43,Ranchi,Ranchi,East,Corporate,2023-05-26
C11977,Customer 1977,Male,24,Thiruvananthapuram,Thiruvananthapuram,South,Consumer,2021-06-15
C11978,Customer 1978,Male,46,Surat,Surat,West,Consumer,2024-03-19
C11979,Customer 1979,Female,31,Patna,Patna,East,Consumer,2024-09-26
C11980,Customer 1980,Female,49,Jaipur,Jaipur,North,Corporate,2022-07-11
C11981,Customer 1981,Female,43,Kochi,Kochi,South,Consumer,2024-04-12
C11982,Customer 1982,Male,18,Lucknow,Lucknow,North,Corporate,2021-06-16
C11983,Customer 1983,Female,23,Pune,Pune,West,Consumer,2022-12-10
C11984,Customer 1984,Male,44,Surat,Surat,West,Small Business,2022-12-19
C11985,Customer 1985,Male,36,Bengaluru,Bengaluru,South,Consumer,2025-06-06
C11986,Customer 1986,Male,23,Thiruvananthapuram,Thiruvananthapuram,South,Consumer,2025-05-23
C11987,Customer 1987,Female,27,New Delhi,New Delhi,North,Consumer,2021-04-07
C11988,Customer 1988,Female,18,Ahmedabad,Ahmedabad,West,Consumer,2022-11-10
C11989,Customer 1989,Female,33,Ahmedabad,Ahmedabad,West,Consumer,2022-02-08
C11990,Customer 1990,Female,58,Jaipur,Jaipur,North,Small Business,2024-01-06
C11991,Customer 1991,Male,43,Jaipur,Jaipur,North,Consumer,2024-06-14
C11992,Customer 1992,Female,58,Hyderabad,Hyderabad,South,Small Business,2025-09-28
C11993,Customer 1993,Male,44,Surat,Surat,West,Consumer,2021-10-18
C11994,Customer 1994,Female,45,Chennai,Chennai,South,Corporate,2021-05-16
C11995,Customer 1995,Male,56,Lucknow,Lucknow,North,Consumer,2023-06-08
C11996,Customer 1996,Female,38,New Delhi,New Delhi,North,Consumer,2023-05-31
C11997,Customer 1997,Female,32,Ranchi,Ranchi,East,Corporate,2022-01-02
C11998,Customer 1998,Female,45,Kochi,Kochi,South,Consumer,2022-07-02
C11999,Customer 1999,Male,50,Thiruvananthapuram,Thiruvananthapuram,South,Consumer,2023-06-21
C12000,Customer 2000,Male,29,Thiruvananthapuram,Thiruvananthapuram,South,Consumer,2021-09-05
C12001,Customer 2001,Female,26,Chennai,Chennai,South,Consumer,2023-02-05
C12002,Customer 2002,Male,36,Bengaluru,Bengaluru,South,Consumer,2024-05-22
C12003,Customer 2003,Female,43,Bhubaneswar,Bhubaneswar,East,Corporate,2025-11-23
C12004,Customer 2004,Female,43,Kochi,Kochi,South,Consumer,2021-03-11
C12005,Customer 2005,Male,18,Bengaluru,Bengaluru,South,Consumer,2023-01-16
C12006,Customer 2006,Female,55,Chandigarh,Chandigarh,North,Consumer,2023-09-23
C12007,Customer 2007,Female,27,Pune,Pune,West,Consumer,2021-11-25
C12008,Customer 2008,Male,31,Chandigarh,Chandigarh,North,Consumer,2023-11-06
C12009,Customer 2009,Female,24,Bengaluru,Bengaluru,South,Corporate,2025-02-19
C12010,Customer 2010,Male,64,Ahmedabad,Ahmedabad,West,Corporate,2024-04-12
C12011,Customer 2011,Female,37,Bengaluru,Bengaluru,South,Consumer,2022-11-30
C12012,Customer 2012,Female,25,Hyderabad,Hyderabad,South,Small Business,2023-03-17
C12013,Customer 2013,Female,44,Kolkata,Kolkata,East,Consumer,2025-10-27
C12014,Customer 2014,Female,42,Bengaluru,Bengaluru,South,Corporate,2021-10-01
C12015,Customer 2015,Male,32,Ahmedabad,Ahmedabad,West,Consumer,2022-06-08
C12016,Customer 2016,Female,43,Pune,Pune,West,Consumer,2021-08-07
C12017,Customer 2017,Male,25,Kochi,Kochi,South,Consumer,2023-10-21
C12018,Customer 2018,Female,29,Kolkata,Kolkata,East,Consumer,2022-05-28
C12019,Customer 2019,Female,18,Chennai,Chennai,South,Consumer,2024-11-23
C12020,Customer 2020,Male,19,Lucknow,Lucknow,North,Consumer,2024-02-09
C12021,Customer 2021,Male,54,Bhubaneswar,Bhubaneswar,East,Consumer,2022-04-09
C12022,Customer 2022,Female,52,Surat,Surat,West,Consumer,2025-12-18
C12023,Customer 2023,Female,35,Patna,Patna,East,Consumer,2025-07-23
C12024,Customer 2024,Male,52,Kochi,Kochi,South,Consumer,2024-01-22
C12025,Customer 2025,Male,32,Ahmedabad,Ahmedabad,West,Consumer,2022-03-27
C12026,Customer 2026,Male,31,Bengaluru,Bengaluru,South,Consumer,2024-11-20
C12027,Customer 2027,Female,35,Jaipur,Jaipur,North,Consumer,2023-07-13
C12028,Customer 2028,Male,33,Bhubaneswar,Bhubaneswar,East,Small Business,2025-04-24
C12029,Customer 2029,Female,32,Thiruvananthapuram,Thiruvananthapuram,South,Small Business,2023-07-22
C12030,Customer 2030,Male,47,Chandigarh,Chandigarh,North,Consumer,2022-04-24
C12031,Customer 2031,Female,36,Thiruvananthapuram,Thiruvananthapuram,South,Consumer,2021-11-12
C12032,Customer 2032,Male,42,Surat,Surat,West,Consumer,2022-11-02
C12033,Customer 2033,Female,45,Ahmedabad,Ahmedabad,West,Small Business,2022-11-29
C12034,Customer 2034,Male,38,Ranchi,Ranchi,East,Consumer,2023-09-20
C12035,Customer 2035,Female,23,Surat,Surat,West,Consumer,2024-10-08
C12036,Customer 2036,Male,19,Hyderabad,Hyderabad,South,Consumer,2023-02-07
C12037,Customer 2037,Female,36,Thiruvananthapuram,Thiruvananthapuram,South,Consumer,2024-06-16
C12038,Customer 2038,Female,32,Thiruvananthapuram,Thiruvananthapuram,South,Consumer,2024-02-02
C12039,Customer 2039,Male,35,Hyderabad,Hyderabad,South,Consumer,2023-06-26
C12040,Customer 2040,Female,34,Kochi,Kochi,South,Consumer,2023-05-28
C12041,Customer 2041,Female,62,Ranchi,Ranchi,East,Consumer,2023-11-19
C12042,Customer 2042,Male,19,Ahmedabad,Ahmedabad,West,Consumer,2021-03-30
C12043,Customer 2043,Male,18,Mumbai,Mumbai,West,Consumer,2022-01-10
C12044,Customer 2044,Male,38,Hyderabad,Hyderabad,South,Consumer,2024-11-21
C12045,Customer 2045,Female,30,Kolkata,Kolkata,East,Corporate,2025-05-06
C12046,Customer 2046,Female,37,New Delhi,New Delhi,North,Consumer,2021-12-30
C12047,Customer 2047,Male,40,Hyderabad,Hyderabad,South,Consumer,2021-05-27
C12048,Customer 2048,Female,48,Jaipur,Jaipur,North,Consumer,2021-11-10
C12049,Customer 2049,Female,18,Pune,Pune,West,Consumer,2022-07-02
C12050,Customer 2050,Female,28,Thiruvananthapuram,Thiruvananthapuram,South,Consumer,2023-03-07
C12051,Customer 2051,Female,39,Ahmedabad,Ahmedabad,West,Consumer,2025-01-15
C12052,Customer 2052,Female,42,Surat,Surat,West,Consumer,2023-06-18
C12053,Customer 2053,Female,58,Kochi,Kochi,South,Consumer,2025-03-10
C12054,Customer 2054,Male,45,Bhubaneswar,Bhubaneswar,East,Consumer,2025-02-18
C12055,Customer 2055,Female,33,Chandigarh,Chandigarh,North,Consumer,2021-04-11
C12056,Customer 2056,Female,24,New Delhi,New Delhi,North,Consumer,2021-04-17
C12057,Customer 2057,Male,28,Surat,Surat,West,Consumer,2023-05-07
C12058,Customer 2058,Female,27,Mumbai,Mumbai,West,Consumer,2023-07-26
C12059,Customer 2059,Female,41,Chandigarh,Chandigarh,North,Consumer,2021-10-18
C12060,Customer 2060,Female,37,Pune,Pune,West,Consumer,2024-10-04
C12061,Customer 2061,Male,19,Hyderabad,Hyderabad,South,Consumer,2022-09-09
C12062,Customer 2062,Male,29,Surat,Surat,West,Consumer,2025-10-23
C12063,Customer 2063,Female,44,Chandigarh,Chandigarh,North,Corporate,2022-08-11
C12064,Customer 2064,Female,38,Mumbai,Mumbai,West,Small Business,2024-06-04
C12065,Customer 2065,Male,40,Hyderabad,Hyderabad,South,Consumer,2022-08-19
C12066,Customer 2066,Female,38,Chandigarh,Chandigarh,North,Consumer,2023-09-04
C12067,Customer 2067,Male,52,Bengaluru,Bengaluru,South,Consumer,2025-05-31
C12068,Customer 2068,Male,37,Kochi,Kochi,South,Consumer,2025-11-20
C12069,Customer 2069,Male,30,Chennai,Chennai,South,Corporate,2025-11-26
C12070,Customer 2070,Male,24,Bengaluru,Bengaluru,South,Corporate,2023-12-10
C12071,Customer 2071,Female,37,New Delhi,New Delhi,North,Small Business,2023-05-18
C12072,Customer 2072,Male,18,Pune,Pune,West,Consumer,2023-08-28
C12073,Customer 2073,Male,32,Hyderabad,Hyderabad,South,Consumer,2022-12-23
C12074,Customer 2074,Male,32,Kolkata,Kolkata,East,Corporate,2021-06-07
C12075,Customer 2075,Male,19,Kolkata,Kolkata,East,Consumer,2021-11-24
C12076,Customer 2076,Male,24,Ranchi,Ranchi,East,Small Business,2025-11-04
C12077,Customer 2077,Male,43,Bengaluru,Bengaluru,South,Consumer,2024-01-06
C12078,Customer 2078,Female,37,Mumbai,Mumbai,West,Consumer,2023-01-05
C12079,Customer 2079,Female,35,Kolkata,Kolkata,East,Consumer,2022-09-25
C12080,Customer 2080,Male,37,New Delhi,New Delhi,North,Consumer,2025-01-17
C12081,Customer 2081,Male,35,Chennai,Chennai,South,Consumer,2024-08-26
C12082,Customer 2082,Female,48,Kochi,Kochi,South,Consumer,2021-11-23
C12083,Customer 2083,Male,35,Ahmedabad,Ahmedabad,West,Consumer,2022-05-23
C12084,Customer 2084,Male,18,Ranchi,Ranchi,East,Consumer,2023-05-20
C12085,Customer 2085,Male,52,Pune,Pune,West,Consumer,2024-02-05
C12086,Customer 2086,Male,38,Pune,Pune,West,Consumer,2021-08-29
C12087,Customer 2087,Female,28,Chennai,Chennai,South,Corporate,2022-03-11
C12088,Customer 2088,Male,20,Lucknow,Lucknow,North,Consumer,2023-11-18
C12089,Customer 2089,Female,38,Chandigarh,Chandigarh,North,Consumer,2022-12-05
C12090,Customer 2090,Male,33,Surat,Surat,West,Small Business,2024-06-26
C12091,Customer 2091,Male,51,Chandigarh,Chandigarh,North,Small Business,2024-10-19
C12092,Customer 2092,Female,30,Ranchi,Ranchi,East,Consumer,2025-10-15
C12093,Customer 2093,Male,25,Kochi,Kochi,South,Corporate,2025-04-06
C12094,Customer 2094,Female,44,Pune,Pune,West,Consumer,2025-02-04
C12095,Customer 2095,Male,44,Bengaluru,Bengaluru,South,Consumer,2025-08-18
C12096,Customer 2096,Female,36,New Delhi,New Delhi,North,Consumer,2025-04-12
C12097,Customer 2097,Male,41,Pune,Pune,West,Consumer,2022-08-12
C12098,Customer 2098,Female,34,Chandigarh,Chandigarh,North,Corporate,2022-02-17
C12099,Customer 2099,Male,37,Jaipur,Jaipur,North,Corporate,2022-07-23
C12100,Customer 2100,Female,47,Pune,Pune,West,Small Business,2025-07-13
C12101,Customer 2101,Male,41,Kolkata,Kolkata,East,Corporate,2024-04-03
C12102,Customer 2102,Female,32,Mumbai,Mumbai,West,Consumer,2023-09-16
C12103,Customer 2103,Male,49,Bengaluru,Bengaluru,South,Consumer,2025-05-19
C12104,Customer 2104,Female,18,Chandigarh,Chandigarh,North,Small Business,2023-12-08
C12105,Customer 2105,Male,57,Chandigarh,Chandigarh,North,Corporate,2025-08-13
C12106,Customer 2106,Male,18,Hyderabad,Hyderabad,South,Corporate,2022-04-29
C12107,Customer 2107,Female,27,Ranchi,Ranchi,East,Small Business,2024-03-27
C12108,Customer 2108,Male,34,Bhubaneswar,Bhubaneswar,East,Consumer,2022-10-30
C12109,Customer 2109,Male,32,Thiruvananthapuram,Thiruvananthapuram,South,Corporate,2021-05-31
C12110,Customer 2110,Female,45,Ranchi,Ranchi,East,Corporate,2021-08-13
C12111,Customer 2111,Female,22,Bengaluru,Bengaluru,South,Small Business,2024-07-07
C12112,Customer 2112,Male,37,Thiruvananthapuram,Thiruvananthapuram,South,Consumer,2024-11-11
C12113,Customer 2113,Female,28,Bengaluru,Bengaluru,South,Consumer,2021-09-13
C12114,Customer 2114,Female,37,Bhubaneswar,Bhubaneswar,East,Consumer,2021-03-02
C12115,Customer 2115,Male,33,New Delhi,New Delhi,North,Consumer,2025-12-01
C12116,Customer 2116,Female,35,Kochi,Kochi,South,Consumer,2022-01-31
C12117,Customer 2117,Female,28,Surat,Surat,West,Consumer,2024-11-21
C12118,Customer 2118,Other,28,Mumbai,Mumbai,West,Consumer,2024-03-31
C12119,Customer 2119,Male,37,Thiruvananthapuram,Thiruvananthapuram,South,Consumer,2022-01-15
C12120,Customer 2120,Female,44,Bhubaneswar,Bhubaneswar,East,Consumer,2025-01-06
C12121,Customer 2121,Male,27,New Delhi,New Delhi,North,Consumer,2021-12-15
C12122,Customer 2122,Male,24,Mumbai,Mumbai,West,Consumer,2021-01-31
C12123,Customer 2123,Male,41,Kolkata,Kolkata,East,Consumer,2021-03-12
C12124,Customer 2124,Other,34,Surat,Surat,West,Consumer,2022-02-01
C12125,Customer 2125,Female,43,Kolkata,Kolkata,East,Consumer,2025-01-01
C12126,Customer 2126,Female,24,Jaipur,Jaipur,North,Consumer,2021-01-02
C12127,Customer 2127,Female,18,New Delhi,New Delhi,North,Consumer,2023-07-18
C12128,Customer 2128,Male,28,Chennai,Chennai,South,Corporate,2022-07-16
C12129,Customer 2129,Male,26,Ranchi,Ranchi,East,Consumer,2024-03-04
C12130,Customer 2130,Male,33,Pune,Pune,West,Consumer,2021-05-26
C12131,Customer 2131,Male,27,Hyderabad,Hyderabad,South,Corporate,2021-06-28
C12132,Customer 2132,Female,42,Thiruvananthapuram,Thiruvananthapuram,South,Consumer,2021-09-21
C12133,Customer 2133,Female,31,Mumbai,Mumbai,West,Small Business,2024-08-27
C12134,Customer 2134,Male,36,Pune,Pune,West,Corporate,2021-07-23
C12135,Customer 2135,Male,36,Lucknow,Lucknow,North,Consumer,2022-11-30
C12136,Customer 2136,Male,36,Bhubaneswar,Bhubaneswar,East,Consumer,2023-11-20
C12137,Customer 2137,Male,34,Hyderabad,Hyderabad,South,Consumer,2021-02-28
C12138,Customer 2138,Female,40,Lucknow,Lucknow,North,Consumer,2023-10-30
C12139,Customer 2139,Female,25,Hyderabad,Hyderabad,South,Consumer,2023-09-15
C12140,Customer 2140,Female,49,Patna,Patna,East,Consumer,2024-09-09
C12141,Customer 2141,Male,31,Jaipur,Jaipur,North,Corporate,2021-06-16
C12142,Customer 2142,Male,20,Ahmedabad,Ahmedabad,West,Consumer,2024-09-22
C12143,Customer 2143,Male,36,Jaipur,Jaipur,North,Consumer,2023-06-26
C12144,Customer 2144,Female,25,Hyderabad,Hyderabad,South,Consumer,2024-11-03
C12145,Customer 2145,Female,41,Pune,Pune,West,Consumer,2023-06-17
C12146,Customer 2146,Male,58,Chandigarh,Chandigarh,North,Consumer,2023-03-02
C12147,Customer 2147,Female,25,Ahmedabad,Ahmedabad,West,Consumer,2025-09-23
C12148,Customer 2148,Male,38,Bengaluru,Bengaluru,South,Consumer,2021-08-30
C12149,Customer 2149,Female,18,Mumbai,Mumbai,West,Small Business,2025-12-19
C12150,Customer 2150,Female,39,Jaipur,Jaipur,North,Consumer,2025-08-17
C12151,Customer 2151,Female,24,Chennai,Chennai,South,Consumer,2023-06-27
C12152,Customer 2152,Female,27,Hyderabad,Hyderabad,South,Consumer,2024-03-29
C12153,Customer 2153,Male,22,Chandigarh,Chandigarh,North,Consumer,2023-02-16
C12154,Customer 2154,Male,42,New Delhi,New Delhi,North,Consumer,2024-06-12
C12155,Customer 2155,Male,45,Bengaluru,Bengaluru,South,Corporate,2025-01-16
C12156,Customer 2156,Male,34,Chennai,Chennai,South,Small Business,2021-07-18
C12157,Customer 2157,Female,24,Hyderabad,Hyderabad,South,Consumer,2025-02-09
C12158,Customer 2158,Female,51,Bengaluru,Bengaluru,South,Consumer,2023-11-23
C12159,Customer 2159,Male,26,Surat,Surat,West,Consumer,2022-02-12
C12160,Customer 2160,Female,18,Chandigarh,Chandigarh,North,Consumer,2024-01-18
C12161,Customer 2161,Male,39,Jaipur,Jaipur,North,Consumer,2025-06-19
C12162,Customer 2162,Male,22,Ahmedabad,Ahmedabad,West,Consumer,2021-08-09
C12163,Customer 2163,Male,45,Chennai,Chennai,South,Consumer,2023-12-29
C12164,Customer 2164,Male,30,Jaipur,Jaipur,North,Consumer,2024-08-10
C12165,Customer 2165,Male,41,Surat,Surat,West,Corporate,2024-06-14
C12166,Customer 2166,Male,49,Bhubaneswar,Bhubaneswar,East,Corporate,2024-03-29
C12167,Customer 2167,Male,21,Jaipur,Jaipur,North,Consumer,2023-04-20
C12168,Customer 2168,Other,28,Bengaluru,Bengaluru,South,Consumer,2023-02-27
C12169,Customer 2169,Male,33,Jaipur,Jaipur,North,Small Business,2024-08-06
C12170,Customer 2170,Male,51,Chennai,Chennai,South,Consumer,2022-07-08
C12171,Customer 2171,Male,27,New Delhi,New Delhi,North,Corporate,2022-08-01
C12172,Customer 2172,Female,27,Hyderabad,Hyderabad,South,Consumer,2022-06-17
C12173,Customer 2173,Male,39,Chennai,Chennai,South,Consumer,2021-12-01
C12174,Customer 2174,Female,28,Ranchi,Ranchi,East,Consumer,2023-10-18
C12175,Customer 2175,Female,36,Hyderabad,Hyderabad,South,Corporate,2025-05-25
C12176,Customer 2176,Female,18,Jaipur,Jaipur,North,Consumer,2025-12-02
C12177,Customer 2177,Female,58,Chennai,Chennai,South,Consumer,2025-03-06
C12178,Customer 2178,Male,19,Jaipur,Jaipur,North,Consumer,2021-09-03
C12179,Customer 2179,Male,30,Lucknow,Lucknow,North,Corporate,2024-09-08
C12180,Customer 2180,Male,34,Pune,Pune,West,Small Business,2025-11-06
C12181,Customer 2181,Female,55,Bengaluru,Bengaluru,South,Small Business,2025-12-13
C12182,Customer 2182,Male,19,Kochi,Kochi,South,Small Business,2022-09-03
C12183,Customer 2183,Male,56,Chennai,Chennai,South,Consumer,2021-11-25
C12184,Customer 2184,Female,42,Bengaluru,Bengaluru,South,Consumer,2022-07-01
C12185,Customer 2185,Male,39,New Delhi,New Delhi,North,Consumer,2021-12-05
C12186,Customer 2186,Female,23,Bhubaneswar,Bhubaneswar,East,Consumer,2024-04-09
C12187,Customer 2187,Female,40,Kolkata,Kolkata,East,Corporate,2024-02-08
C12188,Customer 2188,Male,26,Lucknow,Lucknow,North,Small Business,2023-09-21
C12189,Customer 2189,Male,48,Chandigarh,Chandigarh,North,Consumer,2023-03-18
C12190,Customer 2190,Male,23,New Delhi,New Delhi,North,Consumer,2023-10-31
C12191,Customer 2191,Female,33,Kochi,Kochi,South,Small Business,2024-05-10
C12192,Customer 2192,Female,28,Bhubaneswar,Bhubaneswar,East,Consumer,2024-07-04
C12193,Customer 2193,Female,23,Jaipur,Jaipur,North,Consumer,2024-07-09
C12194,Customer 2194,Female,42,Surat,Surat,West,,2022-11-24
C12195,Customer 2195,Female,40,Thiruvananthapuram,Thiruvananthapuram,South,Consumer,2022-03-06
C12196,Customer 2196,Male,47,Ahmedabad,Ahmedabad,West,Consumer,2025-03-11
C12197,Customer 2197,Male,18,Ahmedabad,Ahmedabad,West,Consumer,2023-12-26
C12198,Customer 2198,Female,46,Kolkata,Kolkata,East,Consumer,2023-03-17
C12199,Customer 2199,Male,62,Pune,Pune,West,Small Business,2025-08-24
C12200,Customer 2200,Male,29,Pune,Pune,West,Consumer,2025-05-22
C12201,Customer 2201,Female,55,Kolkata,Kolkata,East,Consumer,2022-09-04
C12202,Customer 2202,Male,31,Chennai,Chennai,South,Small Business,2025-06-01
C12203,Customer 2203,Female,19,Pune,Pune,West,Consumer,2021-02-04
C12204,Customer 2204,Female,31,Hyderabad,Hyderabad,South,Consumer,2022-07-11
C12205,Customer 2205,Male,46,Jaipur,Jaipur,North,Corporate,2025-08-13
C12206,Customer 2206,Female,25,Ranchi,Ranchi,East,Consumer,2022-05-06
C12207,Customer 2207,Male,27,Thiruvananthapuram,Thiruvananthapuram,South,Corporate,2025-05-23
C12208,Customer 2208,Male,41,Patna,Patna,East,Consumer,2021-09-11
C12209,Customer 2209,Male,34,Bengaluru,Bengaluru,South,Consumer,2021-01-17
C12210,Customer 2210,Male,40,Ranchi,Ranchi,East,Consumer,2021-09-18
C12211,Customer 2211,Female,37,Chandigarh,Chandigarh,North,Consumer,2025-10-15
C12212,Customer 2212,Male,39,Lucknow,Lucknow,North,Corporate,2024-07-03
C12213,Customer 2213,Male,29,Bengaluru,Bengaluru,South,Consumer,2022-12-29
C12214,Customer 2214,Male,37,Patna,Patna,East,Small Business,2024-12-18
C12215,Customer 2215,Female,24,Lucknow,Lucknow,North,Corporate,2022-05-16
C12216,Customer 2216,Female,48,Hyderabad,Hyderabad,South,Consumer,2023-10-13
C12217,Customer 2217,Male,27,Chandigarh,Chandigarh,North,Corporate,2021-10-13
C12218,Customer 2218,Male,46,Chennai,Chennai,South,Consumer,2021-01-07
C12219,Customer 2219,Male,31,Kolkata,Kolkata,East,Consumer,2025-03-01
C12220,Customer 2220,Male,36,Chennai,Chennai,South,Corporate,2024-05-07
C12221,Customer 2221,Female,29,Lucknow,Lucknow,North,Consumer,2025-06-15
C12222,Customer 2222,Female,23,Pune,Pune,West,Consumer,2022-10-21
C12223,Customer 2223,Male,18,Bengaluru,Bengaluru,South,Consumer,2023-07-26
C12224,Customer 2224,Male,22,Bengaluru,Bengaluru,South,Consumer,2024-12-12
C12225,Customer 2225,Male,30,Chennai,Chennai,South,Consumer,2025-08-13
C12226,Customer 2226,Female,36,Mumbai,Mumbai,West,Consumer,2021-02-21
C12227,Customer 2227,Male,45,Hyderabad,Hyderabad,South,Consumer,2021-08-31
C12228,Customer 2228,Other,29,Pune,Pune,West,Consumer,2024-05-27
C12229,Customer 2229,Female,24,Thiruvananthapuram,Thiruvananthapuram,South,Consumer,2022-06-02
C12230,Customer 2230,Male,18,Kochi,Kochi,South,Consumer,2023-08-28
C12231,Customer 2231,Female,39,Lucknow,Lucknow,North,Consumer,2021-04-19
C12232,Customer 2232,Female,49,Hyderabad,Hyderabad,South,Corporate,2024-10-06
C12233,Customer 2233,Female,48,Ranchi,Ranchi,East,Consumer,2023-07-10
C12234,Customer 2234,Male,42,Patna,Patna,East,Consumer,2021-03-07
C12235,Customer 2235,Male,41,Jaipur,Jaipur,North,Consumer,2023-10-31
C12236,Customer 2236,Female,53,Pune,Pune,West,Consumer,2021-07-21
C12237,Customer 2237,Female,38,Patna,Patna,East,Consumer,2025-12-23
C12238,Customer 2238,Female,41,Thiruvananthapuram,Thiruvananthapuram,South,Small Business,2023-06-20
C12239,Customer 2239,Female,30,Chennai,Chennai,South,Small Business,2021-08-02
C12240,Customer 2240,Female,19,Hyderabad,Hyderabad,South,Corporate,2021-03-09
C12241,Customer 2241,Female,26,Jaipur,Jaipur,North,Small Business,2023-01-29
C12242,Customer 2242,Male,34,Chennai,Chennai,South,Consumer,2023-05-16
C12243,Customer 2243,Female,35,Ahmedabad,Ahmedabad,West,,2021-11-23
C12244,Customer 2244,Female,55,Patna,Patna,East,Corporate,2023-12-10
C12245,Customer 2245,Female,35,Ranchi,Ranchi,East,Consumer,2023-11-07
C12246,Customer 2246,Female,47,Surat,Surat,West,Small Business,2022-06-07
C12247,Customer 2247,Male,29,Chennai,Chennai,South,Corporate,2024-08-22
C12248,Customer 2248,Female,31,Jaipur,Jaipur,North,Small Business,2024-11-16
C12249,Customer 2249,Female,19,Ahmedabad,Ahmedabad,West,Consumer,2023-09-15
C12250,Customer 2250,Male,26,Thiruvananthapuram,Thiruvananthapuram,South,Corporate,2024-02-22
C12251,Customer 2251,Male,40,Thiruvananthapuram,Thiruvananthapuram,South,Consumer,2023-10-01
C12252,Customer 2252,Male,34,Ranchi,Ranchi,East,Consumer,2022-05-19
C12253,Customer 2253,Male,44,Jaipur,Jaipur,North,Consumer,2024-06-02
C12254,Customer 2254,Male,36,New Delhi,New Delhi,North,Corporate,2023-01-26
C12255,Customer 2255,Male,30,Kolkata,Kolkata,East,Small Business,2024-09-03
C12256,Customer 2256,Female,58,Mumbai,Mumbai,West,Consumer,2022-04-18
C12257,Customer 2257,Female,33,Mumbai,Mumbai,West,Consumer,2023-05-08
C12258,Customer 2258,Female,47,Mumbai,Mumbai,West,Consumer,2022-06-25
C12259,Customer 2259,Female,30,Chennai,Chennai,South,Small Business,2024-10-13
C12260,Customer 2260,Male,42,Pune,Pune,West,Consumer,2025-02-15
C12261,Customer 2261,Male,44,Jaipur,Jaipur,North,Consumer,2023-05-19
C12262,Customer 2262,Female,36,Mumbai,Mumbai,West,Consumer,2023-05-28
C12263,Customer 2263,Male,18,Bhubaneswar,Bhubaneswar,East,Consumer,2023-07-29
C12264,Customer 2264,Female,34,Mumbai,Mumbai,West,Consumer,2023-05-27
C12265,Customer 2265,Female,48,Pune,Pune,West,Consumer,2024-12-23
C12266,Customer 2266,Female,40,Chandigarh,Chandigarh,North,Small Business,2023-03-08
C12267,Customer 2267,Other,39,Ahmedabad,Ahmedabad,West,Corporate,2025-03-01
C12268,Customer 2268,Male,18,New Delhi,New Delhi,North,Consumer,2022-04-17
C12269,Customer 2269,Male,26,Hyderabad,Hyderabad,South,Small Business,2025-05-14
C12270,Customer 2270,Female,39,Surat,Surat,West,Consumer,2025-08-06
C12271,Customer 2271,Male,39,Chennai,Chennai,South,Consumer,2023-04-18
C12272,Customer 2272,Female,47,Mumbai,Mumbai,West,Consumer,2024-08-16
C12273,Customer 2273,Male,32,Mumbai,Mumbai,West,Consumer,2025-10-28
C12274,Customer 2274,Female,38,Chandigarh,Chandigarh,North,Corporate,2025-08-27
C12275,Customer 2275,Female,34,Kolkata,Kolkata,East,Consumer,2021-03-25
C12276,Customer 2276,Female,23,Mumbai,Mumbai,West,Consumer,2022-01-12
C12277,Customer 2277,Male,18,Lucknow,Lucknow,North,Corporate,2024-08-29
C12278,Customer 2278,Male,39,Ahmedabad,Ahmedabad,West,Consumer,2025-07-11
C12279,Customer 2279,Female,36,New Delhi,New Delhi,North,Corporate,2024-09-05
C12280,Customer 2280,Male,27,Hyderabad,Hyderabad,South,Corporate,2021-07-23
C12281,Customer 2281,Female,18,Chennai,Chennai,South,Consumer,2024-10-10
C12282,Customer 2282,Female,41,Pune,Pune,West,Small Business,2023-10-06
C12283,Customer 2283,Female,31,Mumbai,Mumbai,West,Consumer,2024-08-10
C12284,Customer 2284,Female,40,Kochi,Kochi,South,Consumer,2022-05-19
C12285,Customer 2285,Male,55,Hyderabad,Hyderabad,South,Consumer,2024-03-14
C12286,Customer 2286,Female,18,Thiruvananthapuram,Thiruvananthapuram,South,Consumer,2022-06-23
C12287,Customer 2287,Female,26,Bhubaneswar,Bhubaneswar,East,Small Business,2021-01-17
C12288,Customer 2288,Male,32,Thiruvananthapuram,Thiruvananthapuram,South,Consumer,2022-07-29
C12289,Customer 2289,Female,50,Ahmedabad,Ahmedabad,West,Consumer,2025-12-08
C12290,Customer 2290,Male,18,Bengaluru,Bengaluru,South,Small Business,2022-07-30
C12291,Customer 2291,Male,55,Ahmedabad,Ahmedabad,West,Consumer,2023-10-12
C12292,Customer 2292,Male,35,Chennai,Chennai,South,Consumer,2023-11-29
C12293,Customer 2293,Female,33,Kochi,Kochi,South,Consumer,2021-05-10
C12294,Customer 2294,Male,32,Ahmedabad,Ahmedabad,West,Corporate,2021-04-25
C12295,Customer 2295,Female,29,Chennai,Chennai,South,Consumer,2025-01-13
C12296,Customer 2296,Female,46,Chennai,Chennai,South,Consumer,2023-08-08
C12297,Customer 2297,Male,22,Hyderabad,Hyderabad,South,Consumer,2023-12-05
C12298,Customer 2298,Male,38,Thiruvananthapuram,Thiruvananthapuram,South,Consumer,2021-08-04
C12299,Customer 2299,Female,30,Thiruvananthapuram,Thiruvananthapuram,South,Corporate,2025-06-12
C12300,Customer 2300,Male,26,Bengaluru,Bengaluru,South,Consumer,2023-04-28
C12301,Customer 2301,Female,62,New Delhi,New Delhi,North,Consumer,2024-12-09
C12302,Customer 2302,Male,39,Mumbai,Mumbai,West,Consumer,2022-11-20
C12303,Customer 2303,Male,41,Mumbai,Mumbai,West,Corporate,2023-09-30
C12304,Customer 2304,Female,47,Chennai,Chennai,South,Corporate,2021-09-22
C12305,Customer 2305,Male,18,Ranchi,Ranchi,East,Consumer,2025-01-03
C12306,Customer 2306,Male,53,Surat,Surat,West,Consumer,2022-09-09
C12307,Customer 2307,Male,18,Hyderabad,Hyderabad,South,Consumer,2024-11-05
C12308,Customer 2308,Male,26,Surat,Surat,West,Consumer,2021-10-28
C12309,Customer 2309,Female,29,Kochi,Kochi,South,Consumer,2023-09-12
C12310,Customer 2310,Female,40,Kochi,Kochi,South,Consumer,2024-04-09
C12311,Customer 2311,Male,36,Pune,Pune,West,Consumer,2025-07-02
C12312,Customer 2312,Female,32,Kolkata,Kolkata,East,Small Business,2022-02-10
C12313,Customer 2313,Female,34,Surat,Surat,West,Consumer,2024-10-10
C12314,Customer 2314,Male,23,Chandigarh,Chandigarh,North,Corporate,2021-06-10
C12315,Customer 2315,Male,18,Patna,Patna,East,Consumer,2025-12-24
C12316,Customer 2316,Female,42,Hyderabad,Hyderabad,South,Small Business,2025-04-25
C12317,Customer 2317,Female,42,Kochi,Kochi,South,Consumer,2021-01-26
C12318,Customer 2318,Female,51,Mumbai,Mumbai,West,Consumer,2021-03-24
C12319,Customer 2319,Female,25,Pune,Pune,West,Small Business,2021-06-22
C12320,Customer 2320,Male,42,Pune,Pune,West,Consumer,2023-09-26
C12321,Customer 2321,Female,31,Ranchi,Ranchi,East,Consumer,2025-09-05
C12322,Customer 2322,Female,47,Lucknow,Lucknow,North,Consumer,2023-03-05
C12323,Customer 2323,Female,45,Mumbai,Mumbai,West,Corporate,2023-12-30
C12324,Customer 2324,Male,36,Kochi,Kochi,South,Consumer,2023-04-15
C12325,Customer 2325,Male,30,Lucknow,Lucknow,North,Corporate,2021-01-06
C12326,Customer 2326,Male,45,Kolkata,Kolkata,East,Consumer,2023-03-07
C12327,Customer 2327,Female,41,Jaipur,Jaipur,North,Consumer,2024-05-03
C12328,Customer 2328,Male,26,Bengaluru,Bengaluru,South,Consumer,2022-06-09
C12329,Customer 2329,Male,19,New Delhi,New Delhi,North,Consumer,2021-03-04
C12330,Customer 2330,Male,31,Thiruvananthapuram,Thiruvananthapuram,South,Consumer,2023-11-03
C12331,Customer 2331,Male,51,Hyderabad,Hyderabad,South,Consumer,2023-01-31
C12332,Customer 2332,Female,47,Thiruvananthapuram,Thiruvananthapuram,South,Consumer,2021-07-24
C12333,Customer 2333,Female,22,Surat,Surat,West,Consumer,2023-06-16
C12334,Customer 2334,Female,21,New Delhi,New Delhi,North,Consumer,2025-11-24
C12335,Customer 2335,Male,48,Bengaluru,Bengaluru,South,Corporate,2021-02-09
C12336,Customer 2336,Female,22,Pune,Pune,West,Corporate,2024-04-03
C12337,Customer 2337,Male,40,Pune ,Pune,West,Corporate,2023-11-21
C12338,Customer 2338,Male,27,Surat,Surat,West,Consumer,2025-04-02
C12339,Customer 2339,Male,52,Hyderabad,Hyderabad,South,Small Business,2025-07-31
C12340,Customer 2340,Male,26,Ahmedabad,Ahmedabad,West,Consumer,2023-05-27
C12341,Customer 2341,Male,47,Chandigarh,Chandigarh,North,Consumer,2023-04-05
C12342,Customer 2342,Female,36,Thiruvananthapuram,Thiruvananthapuram,South,Corporate,2023-06-28
C12343,Customer 2343,Female,37,Kochi,Kochi,South,Small Business,2025-08-28
C12344,Customer 2344,Female,18,Hyderabad,Hyderabad,South,Consumer,2022-02-02
C12345,Customer 2345,Male,18,Patna,Patna,East,Consumer,2025-01-22
C12346,Customer 2346,Male,32,New Delhi,New Delhi,North,Consumer,2025-12-22
C12347,Customer 2347,Male,37,New Delhi,New Delhi,North,Consumer,2024-05-31
C12348,Customer 2348,Other,22,Surat,Surat,West,Small Business,2022-09-26
C12349,Customer 2349,Female,22,Pune,Pune,West,Consumer,2024-01-07
C12350,Customer 2350,Female,40,Kochi,Kochi,South,Corporate,2023-04-19
C12351,Customer 2351,Male,40,Lucknow,Lucknow,North,Consumer,2022-08-23
C12352,Customer 2352,Female,32,Ranchi,Ranchi,East,Corporate,2022-09-17
C12353,Customer 2353,Male,43,Ahmedabad,Ahmedabad,West,Small Business,2025-06-24
C12354,Customer 2354,Female,21,Kolkata,Kolkata,East,Consumer,2023-07-27
C12355,Customer 2355,Female,30,Lucknow,Lucknow,North,Consumer,2023-06-03
C12356,Customer 2356,Female,52,Chennai,Chennai,South,Corporate,2024-12-22
C12357,Customer 2357,Female,35,Ranchi,Ranchi,East,Consumer,2022-03-01
C12358,Customer 2358,Male,35,Thiruvananthapuram,Thiruvananthapuram,South,Consumer,2022-01-22
C12359,Customer 2359,Female,59,Ahmedabad,Ahmedabad,West,Consumer,2024-06-16
C12360,Customer 2360,Female,19,Hyderabad,Hyderabad,South,Consumer,2023-10-01
C12361,Customer 2361,Male,43,Chennai,Chennai,South,Corporate,2023-05-08
C12362,Customer 2362,Male,52,Surat,Surat,West,Consumer,2022-09-15
C12363,Customer 2363,Male,30,Thiruvananthapuram,Thiruvananthapuram,South,Small Business,2021-03-31
C12364,Customer 2364,Male,43,Surat,Surat,West,Consumer,2022-01-20
C12365,Customer 2365,Male,23,Mumbai,Mumbai,West,Corporate,2024-03-08
C12366,Customer 2366,Female,26,Hyderabad,Hyderabad,South,Consumer,2023-09-24
C12367,Customer 2367,Male,38,Bengaluru,Bengaluru,South,Consumer,2022-10-09
C12368,Customer 2368,Male,43,Pune,Pune,West,Consumer,2025-03-28
C12369,Customer 2369,Female,46,Kochi,Kochi,South,Corporate,2024-06-21
C12370,Customer 2370,Female,51,New Delhi,New Delhi,North,Consumer,2025-03-09
C12371,Customer 2371,Female,33,Lucknow,Lucknow,North,Small Business,2022-02-26
C12372,Customer 2372,Male,47,Jaipur,Jaipur,North,Consumer,2024-04-20
C12373,Customer 2373,Female,30,Chandigarh,Chandigarh,North,Consumer,2024-05-03
C12374,Customer 2374,Female,44,Pune,Pune,West,Corporate,2023-05-24
C12375,Customer 2375,Male,36,Chandigarh,Chandigarh,North,Consumer,2025-07-16
C12376,Customer 2376,Male,39,Bengaluru,Bengaluru,South,Consumer,2021-02-22
C12377,Customer 2377,Female,39,Bengaluru,Bengaluru,South,Consumer,2023-09-13
C12378,Customer 2378,Female,18,New Delhi,New Delhi,North,Consumer,2023-10-11
C12379,Customer 2379,Female,22,Mumbai,Mumbai,West,Consumer,2022-11-16
C12380,Customer 2380,Female,35,New Delhi,New Delhi,North,Consumer,2021-06-28
C12381,Customer 2381,Female,18,Lucknow,Lucknow,North,Consumer,2021-10-20
C12382,Customer 2382,Female,43,Ranchi,Ranchi,East,Corporate,2022-01-10
C12383,Customer 2383,Male,44,Patna,Patna,East,Small Business,2023-12-19
C12384,Customer 2384,Male,38,Ahmedabad,Ahmedabad,West,Consumer,2023-12-14
C12385,Customer 2385,Male,22,Kochi,Kochi,South,Consumer,2025-11-28
C12386,Customer 2386,Female,49,Pune,Pune,West,Consumer,2024-06-22
C12387,Customer 2387,Female,56,Mumbai,Mumbai,West,Corporate,2024-03-18
C12388,Customer 2388,Female,36,Pune,Pune,West,Consumer,2023-03-07
C12389,Customer 2389,Male,40,Chandigarh,Chandigarh,North,Consumer,2024-10-23
C12390,Customer 2390,Female,36,Chandigarh,Chandigarh,North,Small Business,2021-01-16
C12391,Customer 2391,Male,40,Surat,Surat,West,Consumer,2021-06-25
C12392,Customer 2392,Male,33,Kochi,Kochi,South,Corporate,2025-04-13
C12393,Customer 2393,Female,34,Mumbai,Mumbai,West,Consumer,2024-11-30
C12394,Customer 2394,Female,44,Kochi,Kochi,South,Consumer,2025-01-30
C12395,Customer 2395,Other,60,Patna,Patna,East,Corporate,2021-05-09
C12396,Customer 2396,Male,19,Hyderabad,Hyderabad,South,Consumer,2024-05-31
C12397,Customer 2397,Female,33,Kochi,Kochi,South,Corporate,2023-06-03
C12398,Customer 2398,Male,21,Hyderabad,Hyderabad,South,Consumer,2024-06-21
C12399,Customer 2399,Male,52,Lucknow,Lucknow,North,Corporate,2022-03-02
C12400,Customer 2400,Female,28,Chandigarh,Chandigarh,North,Consumer,2021-12-20
C12401,Customer 2401,Female,18,Kochi,Kochi,South,Consumer,2023-01-20
C12402,Customer 2402,Female,41,Bengaluru,Bengaluru,South,Consumer,2023-01-14
C12403,Customer 2403,Male,53,Surat,Surat,West,Consumer,2024-09-11
C12404,Customer 2404,Female,41,Chennai,Chennai,South,Consumer,2025-06-16
C12405,Customer 2405,Male,36,New Delhi,New Delhi,North,Consumer,2023-10-24
C12406,Customer 2406,Female,39,Pune,Pune,West,Consumer,2022-04-24
C12407,Customer 2407,Male,50,Pune,Pune,West,Consumer,2023-09-03
C12408,Customer 2408,Male,24,Chennai,Chennai,South,Consumer,2024-01-10
C12409,Customer 2409,Female,33,Bhubaneswar,Bhubaneswar,East,Consumer,2021-02-13
C12410,Customer 2410,Female,29,Pune,Pune,West,Consumer,2021-06-04
C12411,Customer 2411,Male,21,Lucknow,Lucknow,North,Small Business,2023-08-05
C12412,Customer 2412,Male,30,Bengaluru,Bengaluru,South,Consumer,2025-04-09
C12413,Customer 2413,Female,46,Ahmedabad,Ahmedabad,West,Consumer,2023-07-17
C12414,Customer 2414,Male,40,Chennai ,Chennai,South,Consumer,2021-04-09
C12415,Customer 2415,Male,41,Pune,Pune,West,Corporate,2024-11-21
C12416,Customer 2416,Male,36,Kolkata,Kolkata,East,Consumer,2021-06-20
C12417,Customer 2417,Male,40,Pune,Pune,West,Consumer,2021-05-28
C12418,Customer 2418,Female,25,Chennai,Chennai,South,Consumer,2021-05-03
C12419,Customer 2419,Female,31,Bengaluru,Bengaluru,South,Consumer,2021-04-22
C12420,Customer 2420,Female,36,Surat,Surat,West,Corporate,2023-10-20
C12421,Customer 2421,Other,37,Bengaluru,Bengaluru,South,Consumer,2023-10-09
C12422,Customer 2422,Male,38,Chennai,Chennai,South,Consumer,2024-02-28
C12423,Customer 2423,Male,32,New Delhi,New Delhi,North,Corporate,2021-03-09
C12424,Customer 2424,Male,30,Ahmedabad,Ahmedabad,West,Consumer,2023-04-08
C12425,Customer 2425,Male,69,Bengaluru,Bengaluru,South,Small Business,2025-10-19
C12426,Customer 2426,Male,44,Bhubaneswar,Bhubaneswar,East,Consumer,2023-06-11
C12427,Customer 2427,Female,39,Chennai,Chennai,South,Corporate,2025-06-20
C12428,Customer 2428,Female,31,Bhubaneswar,Bhubaneswar,East,Corporate,2025-08-08
C12429,Customer 2429,Male,29,Chennai,Chennai,South,Consumer,2025-04-18
C12430,Customer 2430,Female,33,Kolkata,Kolkata,East,Corporate,2024-08-02
C12431,Customer 2431,Female,37,Pune,Pune,West,Consumer,2023-10-26
C12432,Customer 2432,Female,18,Lucknow,Lucknow,North,Consumer,2024-02-16
C12433,Customer 2433,Female,18,Kolkata,Kolkata,East,Consumer,2025-08-03
C12434,Customer 2434,Female,27,Chennai,Chennai,South,Consumer,2021-08-18
C12435,Customer 2435,Female,36,Patna,Patna,East,Corporate,2021-06-09
C12436,Customer 2436,Female,31,Surat,Surat,West,Consumer,2024-08-10
C12437,Customer 2437,Female,50,Ahmedabad,Ahmedabad,West,Small Business,2025-11-20
C12438,Customer 2438,Male,18,Chennai,Chennai,South,Consumer,2025-12-14
C12439,Customer 2439,Male,26,Ahmedabad,Ahmedabad,West,Consumer,2021-07-05
C12440,Customer 2440,Female,51,Chennai,Chennai,South,Consumer,2023-10-11
C12441,Customer 2441,Male,35,Pune,Pune,West,Consumer,2023-05-27
C12442,Customer 2442,Male,44,Ahmedabad,Ahmedabad,West,Corporate,2022-07-06
C12443,Customer 2443,Female,57,Lucknow,Lucknow,North,Corporate,2024-06-01
C12444,Customer 2444,Male,26,Jaipur,Jaipur,North,Corporate,2024-03-21
C12445,Customer 2445,Female,33,Surat,Surat,West,Corporate,2024-03-09
C12446,Customer 2446,Female,31,Bengaluru,Bengaluru,South,Consumer,2024-10-22
C12447,Customer 2447,Female,18,Thiruvananthapuram,Thiruvananthapuram,South,Consumer,2024-02-26
C12448,Customer 2448,Male,31,Chennai,Chennai,South,Consumer,2024-10-06
C12449,Customer 2449,Male,44,Bengaluru,Bengaluru,South,Consumer,2021-05-27
C12450,Customer 2450,Female,40,Bengaluru,Bengaluru,South,Consumer,2024-08-01
C12451,Customer 2451,Female,41,Chennai,Chennai,South,Consumer,2025-02-01
C12452,Customer 2452,Other,30,Bhubaneswar,Bhubaneswar,East,Consumer,2024-05-26
C12453,Customer 2453,Male,27,Ahmedabad,Ahmedabad,West,Consumer,2022-03-12
C12454,Customer 2454,Male,48,Chennai,Chennai,South,Corporate,2023-01-02
C12455,Customer 2455,Female,29,Ahmedabad,Ahmedabad,West,Consumer,2024-03-14
C12456,Customer 2456,Male,37,Chennai,Chennai,South,Consumer,2024-07-24
C12457,Customer 2457,Female,36,,Ahmedabad,West,Consumer,2025-11-13
C12458,Customer 2458,Male,50,Mumbai,Mumbai,West,Corporate,2021-03-01
C12459,Customer 2459,Male,45,Pune,Pune,West,Small Business,2025-06-22
C12460,Customer 2460,Male,20,Pune,Pune,West,Consumer,2023-04-23
C12461,Customer 2461,Male,21,Kolkata,Kolkata,East,Consumer,2024-10-30
C12462,Customer 2462,Female,40,Ranchi,Ranchi,East,Small Business,2022-02-08
C12463,Customer 2463,Female,33,Pune,Pune,West,Consumer,2023-05-31
C12464,Customer 2464,Male,29,Surat,Surat,West,Corporate,2025-09-13
C12465,Customer 2465,Female,45,Ahmedabad,Ahmedabad,West,Corporate,2024-02-12
C12466,Customer 2466,Male,36,Kochi,Kochi,South,Consumer,2025-02-27
C12467,Customer 2467,Female,35,Surat,Surat,West,Consumer,2022-09-07
C12468,Customer 2468,Male,43,Chennai,Chennai,South,Consumer,2021-12-02
C12469,Customer 2469,Female,30,Pune,Pune,West,Consumer,2023-04-11
C12470,Customer 2470,Female,51,Ahmedabad,Ahmedabad,West,Corporate,2025-05-12
C12471,Customer 2471,Female,25,Thiruvananthapuram,Thiruvananthapuram,South,Small Business,2021-10-12
C12472,Customer 2472,Female,41,Patna,Patna,East,Corporate,2021-05-09
C12473,Customer 2473,Female,50,Bhubaneswar,Bhubaneswar,East,Consumer,2021-11-11
C12474,Customer 2474,Female,19,Chandigarh,Chandigarh,North,Consumer,2023-08-18
C12475,Customer 2475,Female,30,Surat,Surat,West,Consumer,2025-06-10
C12476,Customer 2476,Female,47,Kolkata,Kolkata,East,Consumer,2025-10-02
C12477,Customer 2477,Female,47,Chennai,Chennai,South,Consumer,2021-03-12
C12478,Customer 2478,Male,32,Chandigarh,Chandigarh,North,Consumer,2021-12-11
C12479,Customer 2479,Female,26,Hyderabad,Hyderabad,South,Consumer,2024-01-27
C12480,Customer 2480,Male,45,Chandigarh,Chandigarh,North,Small Business,2024-08-16
C12481,Customer 2481,Female,47,Hyderabad,Hyderabad,South,Consumer,2021-06-25
C12482,Customer 2482,Male,21,Ranchi,Ranchi,East,Corporate,2025-11-04
C12483,Customer 2483,Female,21,Kolkata,Kolkata,East,Consumer,2023-06-03
C12484,Customer 2484,Male,36,Bengaluru,Bengaluru,South,Consumer,2024-01-04
C12485,Customer 2485,Male,41,Mumbai,Mumbai,West,Corporate,2021-05-23
C12486,Customer 2486,Female,31,Kolkata,Kolkata,East,Corporate,2023-07-20
C12487,Customer 2487,Female,41,Pune,Pune,West,Consumer,2023-11-13
C12488,Customer 2488,Male,26,Patna,Patna,East,Consumer,2021-06-30
C12489,Customer 2489,Male,18,Pune,Pune,West,Consumer,2023-12-05
C12490,Customer 2490,Female,29,Mumbai,Mumbai,West,Consumer,2025-02-01
C12491,Customer 2491,Female,35,Hyderabad,Hyderabad,South,Small Business,2021-04-02
C12492,Customer 2492,Male,31,Chennai,Chennai,South,Consumer,2024-07-16
C12493,Customer 2493,Male,21,Lucknow,Lucknow,North,Consumer,2021-02-03
C12494,Customer 2494,Male,18,Surat,Surat,West,Small Business,2022-11-09
C12495,Customer 2495,Female,28,Mumbai,Mumbai,West,Consumer,2025-05-25
C12496,Customer 2496,Male,44,Mumbai,Mumbai,West,Consumer,2024-10-19
C12497,Customer 2497,Male,48,Mumbai,Mumbai,West,Consumer,2025-09-28
C12498,Customer 2498,Male,47,Patna,Patna,East,Consumer,2024-03-02
C12499,Customer 2499,Male,25,Bhubaneswar,Bhubaneswar,East,Consumer,2023-01-29
C12500,Customer 2500,Female,21,Pune,Pune,West,Consumer,2022-01-17
C12501,Customer 2501,Male,39,Chandigarh,Chandigarh,North,Consumer,2025-08-31
C12502,Customer 2502,Male,41,Lucknow,Lucknow,North,Corporate,2023-08-24
C12503,Customer 2503,Male,38,Surat,Surat,West,Corporate,2024-07-24
C12504,Customer 2504,Male,18,Ranchi,Ranchi,East,Consumer,2024-03-25
C12505,Customer 2505,Male,24,Hyderabad,Hyderabad,South,Consumer,2022-01-22
C12506,Customer 2506,Female,34,Hyderabad,Hyderabad,South,Consumer,2022-06-19
C12507,Customer 2507,Female,39,Bhubaneswar,Bhubaneswar,East,Consumer,2021-07-19
C12508,Customer 2508,Female,42,Ahmedabad,Ahmedabad,West,Corporate,2021-10-02
C12509,Customer 2509,Female,36,New Delhi,New Delhi,North,Consumer,2022-05-16
C12510,Customer 2510,Female,38,Ranchi,Ranchi,East,Consumer,2022-04-04
C12511,Customer 2511,Male,35,,Kochi,South,Consumer,2021-02-19
C12512,Customer 2512,Female,42,Patna,Patna,East,Consumer,2023-08-28
C12513,Customer 2513,Female,37,Surat,Surat,West,Consumer,2025-09-18
C12514,Customer 2514,Female,35,Mumbai,Mumbai,West,Corporate,2023-09-15
C12515,Customer 2515,Female,31,Mumbai,Mumbai,West,Small Business,2022-06-16
C12516,Customer 2516,Male,35,Bhubaneswar,Bhubaneswar,East,Small Business,2023-10-01
C12517,Customer 2517,Female,39,Bengaluru,Bengaluru,South,Small Business,2022-09-20
C12518,Customer 2518,Female,37,Ahmedabad,Ahmedabad,West,Small Business,2024-01-21
C12519,Customer 2519,Other,38,Lucknow,Lucknow,North,Consumer,2025-01-19
C12520,Customer 2520,Male,49,Chandigarh,Chandigarh,North,Consumer,2021-12-05
C12521,Customer 2521,Male,37,Jaipur,Jaipur,North,Corporate,2023-12-13
C12522,Customer 2522,Male,27,Hyderabad,Hyderabad,South,Consumer,2025-02-28
C12523,Customer 2523,Female,44,Chennai,Chennai,South,Consumer,2025-07-17
C12524,Customer 2524,Male,19,Bengaluru,Bengaluru,South,Consumer,2025-12-06
C12525,Customer 2525,Male,22,Chandigarh,Chandigarh,North,Consumer,2021-01-04
C12526,Customer 2526,Other,38,Kochi,Kochi,South,Consumer,2025-09-01
C12527,Customer 2527,Male,40,Chennai,Chennai,South,Consumer,2021-10-08
C12528,Customer 2528,Female,20,Ranchi,Ranchi,East,Consumer,2024-08-06
C12529,Customer 2529,Male,30,Bengaluru,Bengaluru,South,Corporate,2021-03-14
C12530,Customer 2530,Female,27,Kolkata,Kolkata,East,Consumer,2024-03-06
C12531,Customer 2531,Female,29,Lucknow,Lucknow,North,Corporate,2023-02-07
C12532,Customer 2532,Female,44,New Delhi,New Delhi,North,Consumer,2023-08-29
C12533,Customer 2533,Female,42,Kochi,Kochi,South,Consumer,2025-08-04
C12534,Customer 2534,Male,34,Kochi,Kochi,South,Consumer,2023-09-25
C12535,Customer 2535,Male,28,Lucknow,Lucknow,North,Consumer,2024-11-17
C12536,Customer 2536,Male,19,New Delhi,New Delhi,North,Consumer,2021-07-27
C12537,Customer 2537,Female,50,Jaipur,Jaipur,North,Corporate,2021-09-17
C12538,Customer 2538,Female,41,Thiruvananthapuram,Thiruvananthapuram,South,Corporate,2023-07-19
C12539,Customer 2539,Male,26,Jaipur,Jaipur,North,Small Business,2021-09-20
C12540,Customer 2540,Female,42,Jaipur,Jaipur,North,Consumer,2023-02-22
C12541,Customer 2541,Male,33,Lucknow,Lucknow,North,Consumer,2022-05-20
C12542,Customer 2542,Female,31,Chandigarh,Chandigarh,North,Consumer,2025-04-23
C12543,Customer 2543,Female,39,Chandigarh,Chandigarh,North,Consumer,2021-07-22
C12544,Customer 2544,Male,26,Pune,Pune,West,Consumer,2025-10-26
C12545,Customer 2545,Female,30,Chennai,Chennai,South,Consumer,2024-10-02
C12546,Customer 2546,Male,35,Pune,Pune,West,,2021-02-21
C12547,Customer 2547,Female,29,Thiruvananthapuram,Thiruvananthapuram,South,Consumer,2025-06-05
C12548,Customer 2548,Female,41,Surat,Surat,West,Consumer,2024-10-11
C12549,Customer 2549,Male,55,Surat,Surat,West,Consumer,2025-10-13
C12550,Customer 2550,Male,26,Kochi,Kochi,South,Consumer,2025-03-23
C12551,Customer 2551,Male,18,Hyderabad,Hyderabad,South,Corporate,2021-12-29
C12552,Customer 2552,Female,18,Thiruvananthapuram,Thiruvananthapuram,South,Consumer,2021-02-14
C12553,Customer 2553,Female,32,Chandigarh,Chandigarh,North,Consumer,2023-04-07
C12554,Customer 2554,Male,27,Ranchi,Ranchi,East,Consumer,2024-11-02
C12555,Customer 2555,Female,36,Chennai,Chennai,South,Consumer,2023-02-28
C12556,Customer 2556,Female,35,Kolkata,Kolkata,East,Corporate,2024-12-06
C12557,Customer 2557,Male,18,Pune,Pune,West,Corporate,2023-02-10
C12558,Customer 2558,Male,18,Thiruvananthapuram,Thiruvananthapuram,South,Consumer,2021-05-22
C12559,Customer 2559,Female,37,Bengaluru,Bengaluru,South,Consumer,2024-07-05
C12560,Customer 2560,Female,35,Mumbai,Mumbai,West,Small Business,2023-03-08
C12561,Customer 2561,Male,29,New Delhi,New Delhi,North,Consumer,2021-02-06
C12562,Customer 2562,Male,18,Jaipur,Jaipur,North,Corporate,2021-02-14
C12563,Customer 2563,Male,39,Bengaluru,Bengaluru,South,Consumer,2023-07-09
C12564,Customer 2564,Female,48,Bengaluru,Bengaluru,South,Consumer,2025-07-14
C12565,Customer 2565,Male,37,Pune,Pune,West,Corporate,2023-12-06
C12566,Customer 2566,Male,25,Chennai,Chennai,South,Consumer,2025-08-03
C12567,Customer 2567,Female,34,Kochi,Kochi,South,Consumer,2022-07-19
C12568,Customer 2568,Female,19,Bengaluru,Bengaluru,South,Consumer,2021-10-28
C12569,Customer 2569,Male,46,Chandigarh,Chandigarh,North,Consumer,2021-10-15
C12570,Customer 2570,Male,35,Patna,Patna,East,Corporate,2023-02-25
C12571,Customer 2571,Female,18,Surat,Surat,West,Consumer,2021-09-26
C12572,Customer 2572,Male,31,Ranchi,Ranchi,East,Consumer,2023-03-02
C12573,Customer 2573,Male,39,Hyderabad,Hyderabad,South,Corporate,2023-12-22
C12574,Customer 2574,Female,30,Mumbai,Mumbai,West,Consumer,2025-05-09
C12575,Customer 2575,Male,31,Bengaluru,Bengaluru,South,Consumer,2022-08-04
C12576,Customer 2576,Female,21,Lucknow,Lucknow,North,Corporate,2024-06-19
C12577,Customer 2577,Female,40,Ranchi,Ranchi,East,Small Business,2023-07-25
C12578,Customer 2578,Male,27,Pune,Pune,West,Consumer,2025-12-11
C12579,Customer 2579,Male,18,Bengaluru,Bengaluru,South,Consumer,2025-11-23
C12580,Customer 2580,Female,30,New Delhi,New Delhi,North,Corporate,2021-12-20
C12581,Customer 2581,Female,45,Thiruvananthapuram,Thiruvananthapuram,South,Corporate,2025-12-25
C12582,Customer 2582,Female,30,Patna,Patna,East,Corporate,2023-08-26
C12583,Customer 2583,Female,53,Mumbai,Mumbai,West,Consumer,2021-03-12
C12584,Customer 2584,Male,39,Pune,Pune,West,Consumer,2023-04-15
C12585,Customer 2585,Female,38,Ahmedabad,Ahmedabad,West,Consumer,2022-02-17
C12586,Customer 2586,Male,33,Mumbai,Mumbai,West,Corporate,2022-09-04
C12587,Customer 2587,Male,33,Thiruvananthapuram,Thiruvananthapuram,South,Small Business,2023-12-21
C12588,Customer 2588,Male,31,Lucknow,Lucknow,North,Consumer,2022-09-07
C12589,Customer 2589,Male,31,Thiruvananthapuram,Thiruvananthapuram,South,Consumer,2025-01-15
C12590,Customer 2590,Female,40,Chandigarh,Chandigarh,North,Consumer,2024-11-17
C12591,Customer 2591,Male,24,Chandigarh,Chandigarh,North,Small Business,2025-07-13
C12592,Customer 2592,Male,22,Jaipur,Jaipur,North,Consumer,2022-06-13
C12593,Customer 2593,Male,22,Surat,Surat,West,Consumer,2024-08-21
C12594,Customer 2594,Female,57,Surat,Surat,West,,2021-07-10
C12595,Customer 2595,Female,40,Thiruvananthapuram,Thiruvananthapuram,South,Consumer,2025-10-14
C12596,Customer 2596,Male,37,Chandigarh,Chandigarh,North,Consumer,2021-03-19
C12597,Customer 2597,Male,22,Hyderabad,Hyderabad,South,Corporate,2025-05-01
C12598,Customer 2598,Male,41,Pune,Pune,West,Corporate,2025-06-17
C12599,Customer 2599,Female,33,Hyderabad,Hyderabad,South,Consumer,2023-06-08
C12600,Customer 2600,Female,36,Thiruvananthapuram,Thiruvananthapuram,South,Consumer,2025-03-29
C12601,Customer 2601,Female,23,Surat,Surat,West,Small Business,2025-10-30
C12602,Customer 2602,Female,36,Bengaluru,Bengaluru,South,Consumer,2024-08-17
C12603,Customer 2603,Male,29,Jaipur,Jaipur,North,Consumer,2023-08-07
C12604,Customer 2604,Female,26,Thiruvananthapuram,Thiruvananthapuram,South,Small Business,2021-01-17
C12605,Customer 2605,Female,42,Bengaluru,Bengaluru,South,Corporate,2023-03-26
C12606,Customer 2606,Male,18,Surat,Surat,West,Corporate,2025-05-17
C12607,Customer 2607,Male,40,Hyderabad,Hyderabad,South,Consumer,2022-03-10
C12608,Customer 2608,Female,42,Kochi,Kochi,South,Consumer,2023-12-03
C12609,Customer 2609,Female,24,Lucknow,Lucknow,North,Consumer,2023-12-28
C12610,Customer 2610,Male,25,Kochi,Kochi,South,Consumer,2024-11-04
C12611,Customer 2611,Female,32,Chandigarh,Chandigarh,North,Corporate,2021-07-31
C12612,Customer 2612,Female,37,Thiruvananthapuram,Thiruvananthapuram,South,Consumer,2021-07-22
C12613,Customer 2613,Male,32,Thiruvananthapuram,Thiruvananthapuram,South,Corporate,2022-12-27
C12614,Customer 2614,Male,39,Chandigarh,Chandigarh,North,Consumer,2021-04-19
C12615,Customer 2615,Male,53,Hyderabad,Hyderabad,South,Consumer,2023-08-26
C12616,Customer 2616,Female,28,Hyderabad,Hyderabad,South,Small Business,2021-10-11
C12617,Customer 2617,Male,18,Surat,Surat,West,Consumer,2023-07-30
C12618,Customer 2618,Male,43,Chennai,Chennai,South,Consumer,2025-06-18
C12619,Customer 2619,Female,53,Chandigarh,Chandigarh,North,Consumer,2024-06-02
C12620,Customer 2620,Female,38,Chennai,Chennai,South,Consumer,2023-01-07
C12621,Customer 2621,Male,22,Chandigarh,Chandigarh,North,Consumer,2025-11-10
C12622,Customer 2622,Male,33,Ranchi,Ranchi,East,Consumer,2024-02-16
C12623,Customer 2623,Male,22,Pune,Pune,West,Consumer,2023-07-21
C12624,Customer 2624,Female,41,Kolkata,Kolkata,East,Corporate,2022-08-26
C12625,Customer 2625,Female,19,Mumbai,Mumbai,West,Consumer,2024-09-25
C12626,Customer 2626,Male,31,Bhubaneswar,Bhubaneswar,East,Consumer,2025-12-30
C12627,Customer 2627,Female,23,Bengaluru,Bengaluru,South,Consumer,2024-07-28
C12628,Customer 2628,Female,35,New Delhi,New Delhi,North,Consumer,2022-05-06
C12629,Customer 2629,Female,30,Ahmedabad,Ahmedabad,West,Consumer,2021-01-19
C12630,Customer 2630,Female,36,Pune,Pune,West,Consumer,2024-04-13
C12631,Customer 2631,Male,34,Lucknow,Lucknow,North,Consumer,2025-02-01
C12632,Customer 2632,Male,23,Jaipur,Jaipur,North,Corporate,2025-06-30
C12633,Customer 2633,Female,41,Chennai,Chennai,South,Small Business,2023-03-12
C12634,Customer 2634,Female,33,Hyderabad,Hyderabad,South,Corporate,2023-01-30
C12635,Customer 2635,Female,23,Chandigarh,Chandigarh,North,Consumer,2024-03-11
C12636,Customer 2636,Male,59,New Delhi,New Delhi,North,Consumer,2025-01-26
C12637,Customer 2637,Female,39,Kolkata,Kolkata,East,Small Business,2023-07-18
C12638,Customer 2638,Female,32,Lucknow,Lucknow,North,Consumer,2021-10-25
C12639,Customer 2639,Male,50,Patna,Patna,East,Corporate,2025-02-02
C12640,Customer 2640,Male,54,New Delhi,New Delhi,North,Consumer,2022-12-06
C12641,Customer 2641,Female,32,Chennai,Chennai,South,Consumer,2023-03-26
C12642,Customer 2642,Female,38,Hyderabad,Hyderabad,South,Corporate,2023-03-14
C12643,Customer 2643,Female,23,Jaipur,Jaipur,North,Corporate,2022-01-08
C12644,Customer 2644,Female,32,Chandigarh,Chandigarh,North,Corporate,2025-01-31
C12645,Customer 2645,Male,32,Kochi,Kochi,South,Small Business,2023-07-17
C12646,Customer 2646,Male,36,Pune,Pune,West,Consumer,2023-08-09
C12647,Customer 2647,Female,38,Patna,Patna,East,Consumer,2025-01-01
C12648,Customer 2648,Female,40,Mumbai,Mumbai,West,Small Business,2023-04-24
C12649,Customer 2649,Female,37,Surat,Surat,West,Consumer,2023-08-05
C12650,Customer 2650,Female,21,Ahmedabad,Ahmedabad,West,Consumer,2025-10-10
C12651,Customer 2651,Male,24,Bengaluru,Bengaluru,South,Consumer,2022-03-19
C12652,Customer 2652,Female,28,Mumbai,Mumbai,West,Consumer,2025-01-19
C12653,Customer 2653,Male,31,Surat,Surat,West,Consumer,2024-06-25
C12654,Customer 2654,Male,46,Kochi,Kochi,South,Consumer,2021-05-22
C12655,Customer 2655,Male,21,Jaipur,Jaipur,North,Corporate,2022-02-06
C12656,Customer 2656,Male,30,Pune,Pune,West,Corporate,2023-04-03
C12657,Customer 2657,Male,44,Lucknow,Lucknow,North,Consumer,2021-08-10
C12658,Customer 2658,Male,31,Ranchi,Ranchi,East,Consumer,2023-01-07
C12659,Customer 2659,Male,39,Thiruvananthapuram,Thiruvananthapuram,South,Consumer,2024-04-22
C12660,Customer 2660,Male,32,Jaipur,Jaipur,North,Consumer,2024-10-19
C12661,Customer 2661,Female,37,Pune,Pune,West,Consumer,2023-09-21
C12662,Customer 2662,Male,31,Bhubaneswar,Bhubaneswar,East,Consumer,2024-04-26
C12663,Customer 2663,Male,41,Kochi,Kochi,South,Consumer,2021-04-23
C12664,Customer 2664,Female,18,Lucknow,Lucknow,North,Consumer,2024-04-19
C12665,Customer 2665,Female,30,Ahmedabad,Ahmedabad,West,Consumer,2024-05-07
C12666,Customer 2666,Female,37,Hyderabad,Hyderabad,South,Consumer,2023-12-30
C12667,Customer 2667,Male,40,Hyderabad,Hyderabad,South,Consumer,2022-08-21
C12668,Customer 2668,Female,50,Jaipur,Jaipur,North,Consumer,2023-06-23
C12669,Customer 2669,Male,30,Lucknow,Lucknow,North,Consumer,2022-04-30
C12670,Customer 2670,Male,50,Bengaluru,Bengaluru,South,Small Business,2024-11-23
C12671,Customer 2671,Male,27,Lucknow,Lucknow,North,Consumer,2022-07-05
C12672,Customer 2672,Female,49,Ahmedabad,Ahmedabad,West,Corporate,2025-07-25
C12673,Customer 2673,Male,43,New Delhi,New Delhi,North,Consumer,2023-10-31
C12674,Customer 2674,Male,24,Thiruvananthapuram,Thiruvananthapuram,South,Small Business,2021-01-03
C12675,Customer 2675,Male,37,Ranchi,Ranchi,East,Consumer,2025-02-10
C12676,Customer 2676,Female,33,Kochi,Kochi,South,Corporate,2022-10-24
C12677,Customer 2677,Female,41,Ahmedabad,Ahmedabad,West,Consumer,2021-03-08
C12678,Customer 2678,Male,32,Thiruvananthapuram,Thiruvananthapuram,South,Corporate,2022-12-06
C12679,Customer 2679,Female,31,Thiruvananthapuram,Thiruvananthapuram,South,Consumer,2024-01-26
C12680,Customer 2680,Female,49,Pune,Pune,West,Consumer,2025-04-04
C12681,Customer 2681,Female,33,Thiruvananthapuram,Thiruvananthapuram,South,Corporate,2024-09-03
C12682,Customer 2682,Male,43,Lucknow,Lucknow,North,Consumer,2021-04-08
C12683,Customer 2683,Female,32,Thiruvananthapuram,Thiruvananthapuram,South,Small Business,2023-12-17
C12684,Customer 2684,Male,52,Surat,Surat,West,Consumer,2024-02-05
C12685,Customer 2685,Female,27,Chennai,Chennai,South,Consumer,2021-03-29
C12686,Customer 2686,Male,27,Thiruvananthapuram,Thiruvananthapuram,South,Corporate,2023-08-30
C12687,Customer 2687,Male,51,Hyderabad,Hyderabad,South,Consumer,2022-10-15
C12688,Customer 2688,Male,29,Ahmedabad,Ahmedabad,West,Consumer,2022-10-18
C12689,Customer 2689,Female,52,Surat,Surat,West,Corporate,2023-07-01
C12690,Customer 2690,Male,44,Surat,Surat,West,Corporate,2022-01-06
C12691,Customer 2691,Female,32,Surat,Surat,West,Small Business,2022-01-10
C12692,Customer 2692,Male,18,Mumbai,Mumbai,West,Consumer,2021-02-21
C12693,Customer 2693,Female,34,Kochi,Kochi,South,Consumer,2025-10-14
C12694,Customer 2694,Female,35,Surat,Surat,West,Consumer,2021-02-10
C12695,Customer 2695,Female,47,Patna,Patna,East,Consumer,2023-03-27
C12696,Customer 2696,Female,51,Ahmedabad,Ahmedabad,West,Corporate,2021-04-01
C12697,Customer 2697,Female,26,Chandigarh,Chandigarh,North,Consumer,2021-02-08
C12698,Customer 2698,Male,43,Chennai,Chennai,South,Consumer,2023-11-03
C12699,Customer 2699,Female,42,Lucknow,Lucknow,North,Consumer,2023-06-19
C12700,Customer 2700,Male,46,New Delhi,New Delhi,North,Corporate,2025-06-20
C12701,Customer 2701,Female,39,Mumbai,Mumbai,West,Small Business,2022-09-13
C12702,Customer 2702,Female,18,Ranchi,Ranchi,East,Consumer,2021-04-14
C12703,Customer 2703,Male,32,Bengaluru,Bengaluru,South,Consumer,2023-01-13
C12704,Customer 2704,Male,21,Kochi,Kochi,South,Corporate,2021-02-12
C12705,Customer 2705,Male,32,Chandigarh,Chandigarh,North,Consumer,2021-07-28
C12706,Customer 2706,Female,45,Jaipur,Jaipur,North,Consumer,2022-08-23
C12707,Customer 2707,Female,37,Chennai,Chennai,South,Consumer,2022-08-28
C12708,Customer 2708,Female,47,Thiruvananthapuram,Thiruvananthapuram,South,Consumer,2025-09-06
C12709,Customer 2709,Female,38,Chennai,Chennai,South,Consumer,2022-04-21
C12710,Customer 2710,Female,20,Bengaluru,Bengaluru,South,Corporate,2025-07-20
C12711,Customer 2711,Male,18,Lucknow,Lucknow,North,Consumer,2021-04-19
C12712,Customer 2712,Male,36,Ahmedabad,Ahmedabad,West,Consumer,2025-05-02
C12713,Customer 2713,Female,32,Bengaluru,Bengaluru,South,Small Business,2021-08-02
C12714,Customer 2714,Female,23,Pune,Pune,West,Corporate,2025-06-16
C12715,Customer 2715,Female,18,Hyderabad,Hyderabad,South,Consumer,2025-09-13
C12716,Customer 2716,Male,26,Chennai,Chennai,South,Consumer,2022-02-13
C12717,Customer 2717,Male,32,Lucknow,Lucknow,North,Consumer,2025-04-26
C12718,Customer 2718,Male,41,Kolkata,Kolkata,East,Consumer,2023-02-10
C12719,Customer 2719,Male,36,New Delhi,New Delhi,North,Consumer,2022-09-25
C12720,Customer 2720,Male,52,Kochi,Kochi,South,Consumer,2021-03-18
C12721,Customer 2721,Female,23,Ranchi,Ranchi,East,Consumer,2021-04-05
C12722,Customer 2722,Male,44,New Delhi,New Delhi,North,Consumer,2021-09-26
C12723,Customer 2723,Female,35,New Delhi,New Delhi,North,Consumer,2021-12-27
C12724,Customer 2724,Male,42,Pune,Pune,West,Consumer,2022-06-14
C12725,Customer 2725,Female,29,Surat,Surat,West,Consumer,2022-11-14
C12726,Customer 2726,Male,46,Chennai,Chennai,South,Consumer,2021-06-11
C12727,Customer 2727,Male,37,Kochi,Kochi,South,Consumer,2022-04-10
C12728,Customer 2728,Male,27,Chennai,Chennai,South,Consumer,2023-04-03
C12729,Customer 2729,Female,34,Thiruvananthapuram,Thiruvananthapuram,South,Consumer,2025-05-07
C12730,Customer 2730,Female,31,Pune,Pune,West,Consumer,2022-07-02
C12731,Customer 2731,Male,39,Lucknow,Lucknow,North,Consumer,2024-04-25
C12732,Customer 2732,Male,21,Pune,Pune,West,Small Business,2025-11-19
C12733,Customer 2733,Female,34,Bengaluru,Bengaluru,South,Small Business,2021-02-21
C12734,Customer 2734,Male,38,Kolkata,Kolkata,East,Consumer,2022-05-03
C12735,Customer 2735,Male,34,Patna,Patna,East,Small Business,2025-04-04
C12736,Customer 2736,Female,49,Lucknow,Lucknow,North,Consumer,2024-11-20
C12737,Customer 2737,Female,43,Kolkata,Kolkata,East,Consumer,2021-04-02
C12738,Customer 2738,Male,34,Ahmedabad,Ahmedabad,West,Small Business,2022-10-13
C12739,Customer 2739,Male,36,Bhubaneswar,Bhubaneswar,East,Consumer,2021-12-23
C12740,Customer 2740,Female,37,Kochi,Kochi,South,Consumer,2025-10-22
C12741,Customer 2741,Male,38,Surat,Surat,West,Consumer,2025-06-23
C12742,Customer 2742,Male,18,Bengaluru,Bengaluru,South,Consumer,2025-11-07
C12743,Customer 2743,Female,31,Thiruvananthapuram,Thiruvananthapuram,South,Consumer,2022-12-20
C12744,Customer 2744,Female,18,Chennai,Chennai,South,Consumer,2024-03-13
C12745,Customer 2745,Male,48,Mumbai,Mumbai,West,Consumer,2021-07-18
C12746,Customer 2746,Other,33,New Delhi,New Delhi,North,Consumer,2023-03-26
C12747,Customer 2747,Female,32,Mumbai,Mumbai,West,,2024-09-08
C12748,Customer 2748,Male,44,Thiruvananthapuram,Thiruvananthapuram,South,Small Business,2025-12-28
C12749,Customer 2749,Other,39,Chandigarh,Chandigarh,North,Corporate,2024-09-17
C12750,Customer 2750,Male,22,New Delhi,New Delhi,North,Consumer,2024-07-11
C12751,Customer 2751,Male,33,Pune,Pune,West,Consumer,2021-08-05
C12752,Customer 2752,Female,30,Jaipur,Jaipur,North,Corporate,2025-09-21
C12753,Customer 2753,Male,18,Hyderabad,Hyderabad,South,Consumer,2022-07-10
C12754,Customer 2754,Male,26,Chennai,Chennai,South,Consumer,2024-12-28
C12755,Customer 2755,Male,32,Kolkata,Kolkata,East,Consumer,2023-03-14
C12756,Customer 2756,Male,33,Kochi,Kochi,South,Small Business,2025-01-23
C12757,Customer 2757,Female,18,Ahmedabad,Ahmedabad,West,Consumer,2022-12-02
C12758,Customer 2758,Female,47,Kolkata,Kolkata,East,Consumer,2022-05-18
C12759,Customer 2759,Other,33,Chandigarh,Chandigarh,North,Consumer,2022-04-14
C12760,Customer 2760,Male,34,Thiruvananthapuram,Thiruvananthapuram,South,Consumer,2025-09-26
C12761,Customer 2761,Male,38,Chennai,Chennai,South,Consumer,2025-12-11
C12762,Customer 2762,Male,25,Kochi,Kochi,South,Consumer,2022-01-01
C12763,Customer 2763,Male,39,Jaipur,Jaipur,North,Consumer,2025-12-01
C12764,Customer 2764,Male,30,Surat,Surat,West,Consumer,2024-06-16
C12765,Customer 2765,Female,24,Kochi,Kochi,South,Consumer,2022-09-16
C12766,Customer 2766,Female,40,Kolkata,Kolkata,East,Corporate,2025-05-24
C12767,Customer 2767,Female,50,Mumbai,Mumbai,West,Small Business,2023-07-09
C12768,Customer 2768,Male,42,Bengaluru,Bengaluru,South,Consumer,2022-07-15
C12769,Customer 2769,Female,44,Ahmedabad,Ahmedabad,West,Consumer,2023-04-03
C12770,Customer 2770,Male,28,Lucknow,Lucknow,North,Consumer,2023-08-25
C12771,Customer 2771,Male,18,Thiruvananthapuram,Thiruvananthapuram,South,Consumer,2022-10-25
C12772,Customer 2772,Female,50,Chennai,Chennai,South,Corporate,2023-01-21
C12773,Customer 2773,Female,57,Jaipur,Jaipur,North,Consumer,2024-11-20
C12774,Customer 2774,Male,51,Pune,Pune,West,Consumer,2024-11-19
C12775,Customer 2775,Male,30,Mumbai,Mumbai,West,Corporate,2025-07-09
C12776,Customer 2776,Male,21,Mumbai,Mumbai,West,Small Business,2024-01-04
C12777,Customer 2777,Female,22,Hyderabad,Hyderabad,South,Consumer,2024-01-27
C12778,Customer 2778,Male,18,Thiruvananthapuram,Thiruvananthapuram,South,Consumer,2022-01-18
C12779,Customer 2779,Other,33,Surat,Surat,West,Consumer,2025-07-05
C12780,Customer 2780,Male,52,Bengaluru,Bengaluru,South,Corporate,2024-10-25
C12781,Customer 2781,Male,32,Thiruvananthapuram,Thiruvananthapuram,South,Corporate,2024-08-01
C12782,Customer 2782,Male,37,Jaipur,Jaipur,North,Consumer,2024-07-03
C12783,Customer 2783,Female,49,Ranchi,Ranchi,East,Consumer,2021-11-05
C12784,Customer 2784,Male,30,Chandigarh,Chandigarh,North,Consumer,2025-07-11
C12785,Customer 2785,Female,56,Bhubaneswar,Bhubaneswar,East,Consumer,2021-06-25
C12786,Customer 2786,Female,56,Kochi,Kochi,South,Consumer,2021-08-16
C12787,Customer 2787,Female,33,Kolkata,Kolkata,East,Consumer,2021-12-13
C12788,Customer 2788,Female,28,Thiruvananthapuram,Thiruvananthapuram,South,Consumer,2025-06-30
C12789,Customer 2789,Female,42,Kolkata,Kolkata,East,Corporate,2024-09-27
C12790,Customer 2790,Female,30,Ranchi,Ranchi,East,Consumer,2024-06-16
C12791,Customer 2791,Female,21,Lucknow,Lucknow,North,Consumer,2025-06-24
C12792,Customer 2792,Male,48,Ranchi,Ranchi,East,Consumer,2023-10-18
C12793,Customer 2793,Male,47,Ahmedabad,Ahmedabad,West,Corporate,2025-09-08
C12794,Customer 2794,Male,36,Thiruvananthapuram,Thiruvananthapuram,South,Consumer,2021-12-16
C12795,Customer 2795,Male,20,Pune,Pune,West,Small Business,2022-03-31
C12796,Customer 2796,Male,20,Ahmedabad,Ahmedabad,West,Consumer,2022-03-17
C12797,Customer 2797,Female,35,Kochi,Kochi,South,Small Business,2023-01-31
C12798,Customer 2798,Male,29,Pune,Pune,West,Small Business,2025-05-31
C12799,Customer 2799,Male,30,Patna,Patna,East,Consumer,2022-05-30
C12800,Customer 2800,Female,45,Kochi,Kochi,South,Small Business,2024-01-10
C12801,Customer 2801,Male,42,Lucknow,Lucknow,North,Consumer,2024-10-16
C12802,Customer 2802,Male,49,Bhubaneswar ,Bhubaneswar,East,Consumer,2021-10-15
C12803,Customer 2803,Male,23,Bhubaneswar,Bhubaneswar,East,Consumer,2021-01-08
C12804,Customer 2804,Male,30,Ranchi,Ranchi,East,Consumer,2021-03-28
C12805,Customer 2805,Male,42,Ahmedabad,Ahmedabad,West,Corporate,2023-09-25
C12806,Customer 2806,Female,39,Kolkata,Kolkata,East,Corporate,2021-10-13
C12807,Customer 2807,Female,51,Jaipur,Jaipur,North,Consumer,2024-11-23
C12808,Customer 2808,Male,39,Chennai,Chennai,South,Consumer,2021-03-15
C12809,Customer 2809,Male,54,Surat,Surat,West,Consumer,2025-01-02
C12810,Customer 2810,Male,40,New Delhi,New Delhi,North,Consumer,2024-02-21
C12811,Customer 2811,Female,46,Thiruvananthapuram,Thiruvananthapuram,South,Consumer,2024-11-01
C12812,Customer 2812,Male,30,Chandigarh,Chandigarh,North,Small Business,2023-03-17
C12813,Customer 2813,Male,34,,New Delhi,North,Consumer,2024-03-12
C12814,Customer 2814,Female,44,Hyderabad,Hyderabad,South,Consumer,2021-06-07
C12815,Customer 2815,Male,52,Mumbai,Mumbai,West,Corporate,2022-03-06
C12816,Customer 2816,Male,42,Lucknow,Lucknow,North,Consumer,2025-01-11
C12817,Customer 2817,Male,33,Ahmedabad,Ahmedabad,West,Consumer,2024-12-04
C12818,Customer 2818,Female,49,Thiruvananthapuram,Thiruvananthapuram,South,Consumer,2024-10-26
C12819,Customer 2819,Female,18,Chennai,Chennai,South,Consumer,2024-02-07
C12820,Customer 2820,Female,18,Hyderabad,Hyderabad,South,Small Business,2023-04-26
C12821,Customer 2821,Male,41,Ranchi,Ranchi,East,Consumer,2025-09-27
C12822,Customer 2822,Female,34,Bengaluru,Bengaluru,South,Consumer,2021-02-05
C12823,Customer 2823,Female,41,Jaipur,Jaipur,North,Consumer,2024-01-19
C12824,Customer 2824,Female,35,Chennai,Chennai,South,Consumer,2023-10-18
C12825,Customer 2825,Male,40,Kochi,Kochi,South,Corporate,2023-09-01
C12826,Customer 2826,Female,25,New Delhi,New Delhi,North,Small Business,2024-12-09
C12827,Customer 2827,Male,40,New Delhi,New Delhi,North,Corporate,2023-10-15
C12828,Customer 2828,Male,45,Kochi,Kochi,South,Consumer,2024-08-12
C12829,Customer 2829,Female,47,Ahmedabad,Ahmedabad,West,Consumer,2022-12-14
C12830,Customer 2830,Male,56,Thiruvananthapuram,Thiruvananthapuram,South,Consumer,2023-12-06
C12831,Customer 2831,Female,37,Mumbai,Mumbai,West,Consumer,2022-05-03
C12832,Customer 2832,Male,37,New Delhi,New Delhi,North,Consumer,2022-09-11
C12833,Customer 2833,Female,18,Chennai,Chennai,South,Consumer,2021-06-19
C12834,Customer 2834,Female,28,Hyderabad,Hyderabad,South,Small Business,2021-05-26
C12835,Customer 2835,Female,32,Ahmedabad,Ahmedabad,West,Consumer,2023-05-18
C12836,Customer 2836,Male,46,Ranchi,Ranchi,East,Consumer,2022-02-24
C12837,Customer 2837,Male,27,Ranchi,Ranchi,East,Consumer,2025-09-10
C12838,Customer 2838,Female,43,Chennai,Chennai,South,Consumer,2022-07-27
C12839,Customer 2839,Male,34,New Delhi,New Delhi,North,Consumer,2023-10-24
C12840,Customer 2840,Female,32,Pune,Pune,West,,2025-06-06
C12841,Customer 2841,Female,37,Ahmedabad,Ahmedabad,West,Consumer,2024-07-10
C12842,Customer 2842,Male,30,New Delhi,New Delhi,North,Consumer,2023-03-10
C12843,Customer 2843,Male,29,Patna,Patna,East,Corporate,2021-11-17
C12844,Customer 2844,Male,18,Kolkata,Kolkata,East,Consumer,2025-06-19
C12845,Customer 2845,Female,31,Pune,Pune,West,Consumer,2025-05-19
C12846,Customer 2846,Male,29,Thiruvananthapuram,Thiruvananthapuram,South,Consumer,2021-09-03
C12847,Customer 2847,Male,28,Lucknow,Lucknow,North,Consumer,2025-06-01
C12848,Customer 2848,Male,39,Chennai,Chennai,South,Small Business,2022-04-22
C12849,Customer 2849,Female,41,Mumbai,Mumbai,West,Consumer,2024-07-06
C12850,Customer 2850,Male,37,Bengaluru,Bengaluru,South,Consumer,2024-01-22
C12851,Customer 2851,Male,45,Chandigarh,Chandigarh,North,Corporate,2023-02-22
C12852,Customer 2852,Female,40,Thiruvananthapuram,Thiruvananthapuram,South,Consumer,2022-06-17
C12853,Customer 2853,Female,31,Kochi,Kochi,South,Consumer,2025-05-17
C12854,Customer 2854,Female,29,Bhubaneswar,Bhubaneswar,East,Consumer,2024-09-24
C12855,Customer 2855,Male,37,Kochi,Kochi,South,Consumer,2024-07-07
C12856,Customer 2856,Male,40,Surat,Surat,West,Small Business,2021-08-25
C12857,Customer 2857,Female,49,Kochi,Kochi,South,Consumer,2024-03-10
C12858,Customer 2858,Male,47,Chennai,Chennai,South,Consumer,2023-09-02
C12859,Customer 2859,Female,28,Hyderabad,Hyderabad,South,Consumer,2022-11-10
C12860,Customer 2860,Female,33,Hyderabad,Hyderabad,South,Consumer,2025-02-12
C12861,Customer 2861,Male,41,Kolkata,Kolkata,East,Consumer,2022-08-02
C12862,Customer 2862,Female,46,Bengaluru,Bengaluru,South,Consumer,2024-10-05
C12863,Customer 2863,Female,44,Bhubaneswar,Bhubaneswar,East,Consumer,2025-05-13
C12864,Customer 2864,Male,33,Mumbai,Mumbai,West,Consumer,2025-10-14
C12865,Customer 2865,Female,20,Mumbai,Mumbai,West,Small Business,2021-05-10
C12866,Customer 2866,Male,23,Pune,Pune,West,Consumer,2025-04-10
C12867,Customer 2867,Male,37,Mumbai,Mumbai,West,Consumer,2021-01-11
C12868,Customer 2868,Male,38,Jaipur,Jaipur,North,Consumer,2021-09-14
C12869,Customer 2869,Female,22,Chennai,Chennai,South,Small Business,2023-03-27
C12870,Customer 2870,Female,34,Bengaluru,Bengaluru,South,Corporate,2022-01-04
C12871,Customer 2871,Female,41,Patna,Patna,East,Corporate,2023-08-02
C12872,Customer 2872,Male,21,Bhubaneswar,Bhubaneswar,East,Consumer,2024-11-18
C12873,Customer 2873,Female,46,Patna,Patna,East,Corporate,2025-06-05
C12874,Customer 2874,Male,30,Pune,Pune,West,Consumer,2025-12-27
C12875,Customer 2875,Female,48,Lucknow,Lucknow,North,Consumer,2024-12-13
C12876,Customer 2876,Male,28,Mumbai,Mumbai,West,Consumer,2023-06-01
C12877,Customer 2877,Male,23,Mumbai,Mumbai,West,Corporate,2021-01-19
C12878,Customer 2878,Male,29,Bengaluru,Bengaluru,South,Corporate,2021-04-20
C12879,Customer 2879,Female,33,Surat,Surat,West,Small Business,2024-12-31
C12880,Customer 2880,Male,30,Bengaluru,Bengaluru,South,Small Business,2022-05-20
C12881,Customer 2881,Female,32,Hyderabad,Hyderabad,South,Consumer,2023-11-24
C12882,Customer 2882,Male,38,Kolkata,Kolkata,East,Consumer,2024-08-04
C12883,Customer 2883,Male,32,Bengaluru,Bengaluru,South,Consumer,2023-09-30
C12884,Customer 2884,Male,33,Hyderabad,Hyderabad,South,Corporate,2021-09-12
C12885,Customer 2885,Female,18,Kochi,Kochi,South,Consumer,2022-09-30
C12886,Customer 2886,Female,38,Ranchi,Ranchi,East,Corporate,2025-10-11
C12887,Customer 2887,Male,33,Surat,Surat,West,Consumer,2021-05-14
C12888,Customer 2888,Male,52,Ahmedabad,Ahmedabad,West,Consumer,2022-05-14
C12889,Customer 2889,Male,24,New Delhi,New Delhi,North,Consumer,2022-02-01
C12890,Customer 2890,Female,18,Chandigarh,Chandigarh,North,Consumer,2025-02-19
C12891,Customer 2891,Male,41,Hyderabad,Hyderabad,South,Small Business,2025-06-10
C12892,Customer 2892,Female,38,Jaipur,Jaipur,North,Consumer,2025-05-30
C12893,Customer 2893,Female,23,Lucknow ,Lucknow,North,Consumer,2022-10-09
C12894,Customer 2894,Male,18,Jaipur,Jaipur,North,Consumer,2022-11-16
C12895,Customer 2895,Female,51,Bengaluru,Bengaluru,South,Consumer,2024-05-21
C12896,Customer 2896,Female,50,Kolkata,Kolkata,East,Consumer,2024-10-05
C12897,Customer 2897,Female,18,Mumbai,Mumbai,West,Consumer,2021-01-19
C12898,Customer 2898,Male,29,Thiruvananthapuram,Thiruvananthapuram,South,Corporate,2023-10-08
C12899,Customer 2899,Male,52,Mumbai,Mumbai,West,Consumer,2021-04-29
C12900,Customer 2900,Male,29,Kochi,Kochi,South,Consumer,2021-10-29
C12901,Customer 2901,Male,29,Kochi,Kochi,South,Consumer,2024-08-01
C12902,Customer 2902,Male,31,Jaipur,Jaipur,North,Consumer,2021-08-15
C12903,Customer 2903,Male,22,Kochi,Kochi,South,Consumer,2025-03-11
C12904,Customer 2904,Female,18,Surat,Surat,West,Consumer,2025-03-05
C12905,Customer 2905,Male,46,Ahmedabad,Ahmedabad,West,Consumer,2024-05-20
C12906,Customer 2906,Male,18,Chennai,Chennai,South,Consumer,2021-12-22
C12907,Customer 2907,Male,37,Bhubaneswar,Bhubaneswar,East,Consumer,2022-12-02
C12908,Customer 2908,Female,44,Thiruvananthapuram,Thiruvananthapuram,South,Corporate,2022-05-02
C12909,Customer 2909,Female,18,Kochi,Kochi,South,Small Business,2024-09-06
C12910,Customer 2910,Male,24,Hyderabad,Hyderabad,South,Consumer,2025-08-14
C12911,Customer 2911,Male,47,Chennai,Chennai,South,Consumer,2021-08-11
C12912,Customer 2912,Female,40,Thiruvananthapuram,Thiruvananthapuram,South,Consumer,2025-07-22
C12913,Customer 2913,Male,27,Lucknow,Lucknow,North,Consumer,2025-11-19
C12914,Customer 2914,Male,47,Bhubaneswar,Bhubaneswar,East,Corporate,2025-05-06
C12915,Customer 2915,Male,47,Chennai,Chennai,South,Corporate,2024-04-29
C12916,Customer 2916,Male,37,Lucknow,Lucknow,North,Consumer,2023-09-22
C12917,Customer 2917,Male,24,Lucknow,Lucknow,North,Consumer,2022-05-15
C12918,Customer 2918,Female,29,New Delhi,New Delhi,North,Consumer,2025-02-27
C12919,Customer 2919,Female,37,Ahmedabad,Ahmedabad,West,Consumer,2024-06-14
C12920,Customer 2920,Male,32,Kochi,Kochi,South,Corporate,2023-11-12
C12921,Customer 2921,Female,44,Hyderabad,Hyderabad,South,Consumer,2025-07-04
C12922,Customer 2922,Male,18,New Delhi,New Delhi,North,Consumer,2024-09-12
C12923,Customer 2923,Male,18,Jaipur,Jaipur,North,Consumer,2025-04-18
C12924,Customer 2924,Female,36,Thiruvananthapuram,Thiruvananthapuram,South,Consumer,2024-02-25
C12925,Customer 2925,Female,29,Mumbai,Mumbai,West,Consumer,2021-12-31
C12926,Customer 2926,Male,27,Ranchi,Ranchi,East,Consumer,2023-12-04
C12927,Customer 2927,Male,18,New Delhi,New Delhi,North,Consumer,2022-06-03
C12928,Customer 2928,Female,34,Ranchi,Ranchi,East,Corporate,2024-02-26
C12929,Customer 2929,Female,33,Lucknow,Lucknow,North,Small Business,2025-06-15
C12930,Customer 2930,Female,41,Ahmedabad,Ahmedabad,West,Consumer,2024-02-28
C12931,Customer 2931,Male,35,Ahmedabad,Ahmedabad,West,Small Business,2022-06-13
C12932,Customer 2932,Male,33,New Delhi,New Delhi,North,Consumer,2024-09-06
C12933,Customer 2933,Male,47,Hyderabad,Hyderabad,South,Corporate,2021-07-05
C12934,Customer 2934,Male,20,Surat,Surat,West,Corporate,2025-07-04
C12935,Customer 2935,Female,40,New Delhi,New Delhi,North,Consumer,2023-03-09
C12936,Customer 2936,Male,18,Bengaluru,Bengaluru,South,Corporate,2023-09-09
C12937,Customer 2937,Male,25,Jaipur,Jaipur,North,Consumer,2021-12-14
C12938,Customer 2938,Female,21,Ahmedabad,Ahmedabad,West,Consumer,2025-02-13
C12939,Customer 2939,Female,43,Patna,Patna,East,Consumer,2023-07-11
C12940,Customer 2940,Male,33,Hyderabad,Hyderabad,South,Corporate,2025-08-26
C12941,Customer 2941,Female,34,Thiruvananthapuram,Thiruvananthapuram,South,Small Business,2025-05-30
C12942,Customer 2942,Female,22,Surat,Surat,West,Consumer,2025-10-01
C12943,Customer 2943,Female,31,Bengaluru,Bengaluru,South,Consumer,2023-07-10
C12944,Customer 2944,Male,26,Chandigarh,Chandigarh,North,Consumer,2023-08-15
C12945,Customer 2945,Female,38,Jaipur,Jaipur,North,Small Business,2021-12-27
C12946,Customer 2946,Female,23,Hyderabad,Hyderabad,South,Consumer,2024-08-03
C12947,Customer 2947,Male,49,Pune,Pune,West,Corporate,2021-07-01
C12948,Customer 2948,Male,18,Pune,Pune,West,Consumer,2025-01-14
C12949,Customer 2949,Female,25,,Mumbai,West,Consumer,2021-04-07
C12950,Customer 2950,Male,52,Ranchi,Ranchi,East,Consumer,2022-07-17
C12951,Customer 2951,Female,29,New Delhi,New Delhi,North,Small Business,2021-11-10
C12952,Customer 2952,Male,20,Jaipur,Jaipur,North,Consumer,2025-04-19
C12953,Customer 2953,Male,36,Lucknow,Lucknow,North,Small Business,2023-08-13
C12954,Customer 2954,Male,29,Mumbai,Mumbai,West,Consumer,2021-01-21
C12955,Customer 2955,Female,25,Patna,Patna,East,Consumer,2025-09-16
C12956,Customer 2956,Male,22,New Delhi,New Delhi,North,Corporate,2023-03-16
C12957,Customer 2957,Female,64,Chandigarh,Chandigarh,North,Corporate,2022-07-30
C12958,Customer 2958,Female,31,Patna,Patna,East,Small Business,2025-03-01
C12959,Customer 2959,Female,18,Kochi,Kochi,South,Consumer,2022-02-07
C12960,Customer 2960,Female,50,Jaipur,Jaipur,North,Consumer,2024-02-22
C12961,Customer 2961,Female,41,Hyderabad,Hyderabad,South,Consumer,2022-09-05
C12962,Customer 2962,Male,26,Thiruvananthapuram,Thiruvananthapuram,South,Consumer,2024-02-17
C12963,Customer 2963,Female,24,Chennai,Chennai,South,Small Business,2025-06-02
C12964,Customer 2964,Female,41,Ranchi,Ranchi,East,Consumer,2023-08-28
C12965,Customer 2965,Male,31,Kolkata,Kolkata,East,Consumer,2022-11-24
C12966,Customer 2966,Male,18,Jaipur,Jaipur,North,Consumer,2025-10-01
C12967,Customer 2967,Female,54,Lucknow,Lucknow,North,Consumer,2025-02-09
C12968,Customer 2968,Male,29,Mumbai,Mumbai,West,Consumer,2023-08-17
C12969,Customer 2969,Female,50,Kolkata,Kolkata,East,Consumer,2023-05-22
C12970,Customer 2970,Male,48,Pune,Pune,West,Consumer,2025-09-22
C12971,Customer 2971,Male,23,Surat,Surat,West,Consumer,2023-04-20
C12972,Customer 2972,Female,45,Bengaluru,Bengaluru,South,Small Business,2021-04-13
C12973,Customer 2973,Male,27,Chandigarh,Chandigarh,North,Consumer,2021-11-29
C12974,Customer 2974,Male,18,New Delhi,New Delhi,North,Consumer,2025-12-16
C12975,Customer 2975,Female,29,Mumbai,Mumbai,West,Small Business,2025-01-22
C12976,Customer 2976,Male,38,Hyderabad,Hyderabad,South,Corporate,2024-02-28
C12977,Customer 2977,Female,29,Jaipur,Jaipur,North,Small Business,2023-01-23
C12978,Customer 2978,Female,31,Chennai,Chennai,South,Small Business,2021-05-14
C12979,Customer 2979,Female,47,New Delhi,New Delhi,North,Consumer,2024-03-26
C12980,Customer 2980,Male,35,Kolkata,Kolkata,East,Consumer,2022-03-01
C12981,Customer 2981,Male,25,Surat,Surat,West,Consumer,2024-12-29
C12982,Customer 2982,Female,42,Thiruvananthapuram,Thiruvananthapuram,South,Consumer,2024-11-13
C12983,Customer 2983,Female,36,Jaipur,Jaipur,North,Corporate,2023-07-26
C12984,Customer 2984,Female,18,Lucknow,Lucknow,North,Consumer,2024-09-03
C12985,Customer 2985,Female,39,Ahmedabad,Ahmedabad,West,Corporate,2025-08-21
C12986,Customer 2986,Male,38,Patna,Patna,East,Corporate,2022-05-20
C12987,Customer 2987,Male,34,Chennai,Chennai,South,Consumer,2023-05-21
C12988,Customer 2988,Male,44,Ahmedabad,Ahmedabad,West,Corporate,2021-07-09
C12989,Customer 2989,Male,27,Lucknow,Lucknow,North,Consumer,2022-09-04
C12990,Customer 2990,Male,38,Ranchi,Ranchi,East,Consumer,2024-12-05
C12991,Customer 2991,Female,18,Bengaluru,Bengaluru,South,Corporate,2021-02-21
C12992,Customer 2992,Male,38,Jaipur,Jaipur,North,Consumer,2025-05-04
C12993,Customer 2993,Male,55,Mumbai,Mumbai,West,Corporate,2025-01-09
C12994,Customer 2994,Male,23,Pune,Pune,West,Consumer,2022-09-04
C12995,Customer 2995,Female,26,Thiruvananthapuram,Thiruvananthapuram,South,Consumer,2025-01-07
C12996,Customer 2996,Female,26,Kolkata,Kolkata,East,Corporate,2024-11-06
C12997,Customer 2997,Female,35,Thiruvananthapuram,Thiruvananthapuram,South,Consumer,2025-11-22
C12998,Customer 2998,Female,22,Kochi,Kochi,South,Consumer,2022-01-09
C12999,Customer 2999,Male,39,Thiruvananthapuram,Thiruvananthapuram,South,Consumer,2025-05-09
C13000,Customer 3000,Female,43,Ranchi,Ranchi,East,Small Business,2022-01-10
C13001,Customer 3001,Male,40,Chandigarh,Chandigarh,North,Consumer,2022-01-24
C13002,Customer 3002,Male,18,Lucknow,Lucknow,North,Corporate,2025-07-31
C13003,Customer 3003,Female,45,Chennai,Chennai,South,Consumer,2022-11-05
C13004,Customer 3004,Female,44,Mumbai,Mumbai,West,Consumer,2023-03-15
C13005,Customer 3005,Male,43,Ahmedabad,Ahmedabad,West,Small Business,2025-02-11
C13006,Customer 3006,Male,38,Jaipur,Jaipur,North,Consumer,2022-02-08
C13007,Customer 3007,Female,36,Ranchi,Ranchi,East,Consumer,2022-08-16
C13008,Customer 3008,Male,45,Bengaluru,Bengaluru,South,Corporate,2025-01-31
C13009,Customer 3009,Male,55,Chandigarh,Chandigarh,North,Corporate,2023-01-02
C13010,Customer 3010,Male,24,Bengaluru,Bengaluru,South,Consumer,2025-06-09
C13011,Customer 3011,Male,46,Mumbai,Mumbai,West,Consumer,2022-05-20
C13012,Customer 3012,Female,33,Kochi,Kochi,South,Corporate,2021-03-24
C13013,Customer 3013,Male,33,Thiruvananthapuram,Thiruvananthapuram,South,Corporate,2021-11-15
C13014,Customer 3014,Male,18,Bengaluru,Bengaluru,South,Corporate,2023-12-27
C13015,Customer 3015,Female,31,Mumbai,Mumbai,West,Consumer,2022-02-18
C13016,Customer 3016,Female,23,Thiruvananthapuram,Thiruvananthapuram,South,Small Business,2022-03-29
C13017,Customer 3017,Male,29,Lucknow,Lucknow,North,Consumer,2023-01-16
C13018,Customer 3018,Male,22,Pune,Pune,West,Consumer,2021-07-17
C13019,Customer 3019,Male,29,Kochi,Kochi,South,Consumer,2021-09-16
C13020,Customer 3020,Female,30,Jaipur,Jaipur,North,Consumer,2025-09-09
C13021,Customer 3021,Female,35,Bengaluru,Bengaluru,South,Consumer,2021-10-25
C13022,Customer 3022,Female,18,Surat,Surat,West,Consumer,2024-07-27
C13023,Customer 3023,Female,18,New Delhi,New Delhi,North,Consumer,2021-10-27
C13024,Customer 3024,Female,38,Bengaluru,Bengaluru,South,Consumer,2021-05-09
C13025,Customer 3025,Female,25,Bengaluru,Bengaluru,South,Consumer,2022-05-13
C13026,Customer 3026,Female,46,Pune,Pune,West,Consumer,2022-03-14
C13027,Customer 3027,Male,36,Kolkata,Kolkata,East,Consumer,2025-09-12
C13028,Customer 3028,Other,41,Chandigarh,Chandigarh,North,Consumer,2024-08-08
C13029,Customer 3029,Male,50,Chandigarh,Chandigarh,North,Consumer,2021-07-26
C13030,Customer 3030,Male,31,Jaipur,Jaipur,North,Consumer,2021-10-21
C13031,Customer 3031,Female,28,Kochi,Kochi,South,Small Business,2025-09-07
C13032,Customer 3032,Male,44,Surat,Surat,West,Corporate,2021-01-29
C13033,Customer 3033,Female,40,New Delhi,New Delhi,North,Corporate,2021-06-28
C13034,Customer 3034,Female,32,Thiruvananthapuram,Thiruvananthapuram,South,Consumer,2021-02-10
C13035,Customer 3035,Male,49,Kochi,Kochi,South,Consumer,2025-02-02
C13036,Customer 3036,Female,32,Kochi,Kochi,South,Consumer,2024-04-30
C13037,Customer 3037,Male,34,Mumbai,Mumbai,West,Corporate,2021-12-10
C13038,Customer 3038,Male,34,Bhubaneswar,Bhubaneswar,East,Consumer,2025-11-08
C13039,Customer 3039,Female,24,Thiruvananthapuram,Thiruvananthapuram,South,Consumer,2023-03-27
C13040,Customer 3040,Female,35,Pune,Pune,West,Consumer,2023-01-07
C13041,Customer 3041,Female,49,Chennai,Chennai,South,Consumer,2022-09-18
C13042,Customer 3042,Male,39,Patna,Patna,East,Small Business,2021-10-05
C13043,Customer 3043,Female,34,Kochi,Kochi,South,Corporate,2024-10-10
C13044,Customer 3044,Male,32,Ahmedabad,Ahmedabad,West,Corporate,2022-06-13
C13045,Customer 3045,Female,38,New Delhi,New Delhi,North,Consumer,2021-03-27
C13046,Customer 3046,Male,42,New Delhi,New Delhi,North,Corporate,2021-11-13
C13047,Customer 3047,Female,41,Mumbai,Mumbai,West,Consumer,2022-11-24
C13048,Customer 3048,Male,30,Thiruvananthapuram,Thiruvananthapuram,South,Small Business,2024-09-22
C13049,Customer 3049,Male,38,Surat,Surat,West,Consumer,2023-05-13
C13050,Customer 3050,Male,39,Thiruvananthapuram,Thiruvananthapuram,South,Consumer,2024-03-14
C13051,Customer 3051,Female,23,Kochi,Kochi,South,Consumer,2021-11-11
C13052,Customer 3052,Female,36,Ahmedabad,Ahmedabad,West,Consumer,2021-08-13
C13053,Customer 3053,Female,18,Kochi,Kochi,South,Corporate,2024-12-17
C13054,Customer 3054,Male,39,Kochi,Kochi,South,Small Business,2023-12-14
C13055,Customer 3055,Female,41,Chandigarh,Chandigarh,North,Consumer,2021-03-09
C13056,Customer 3056,Male,42,Kolkata,Kolkata,East,Consumer,2025-07-01
C13057,Customer 3057,Female,30,Pune,Pune,West,Consumer,2024-09-19
C13058,Customer 3058,Male,37,Hyderabad,Hyderabad,South,Corporate,2023-10-18
C13059,Customer 3059,Female,50,Chennai,Chennai,South,Consumer,2024-01-06
C13060,Customer 3060,Female,50,Ranchi,Ranchi,East,Consumer,2025-04-12
C13061,Customer 3061,Female,34,Chennai,Chennai,South,Consumer,2023-05-06
C13062,Customer 3062,Female,36,Kochi,Kochi,South,Consumer,2024-03-24
C13063,Customer 3063,Female,46,Surat,Surat,West,Corporate,2024-01-01
C13064,Customer 3064,Female,18,Surat,Surat,West,Consumer,2025-03-05
C13065,Customer 3065,Male,30,Jaipur,Jaipur,North,Consumer,2025-01-10
C13066,Customer 3066,Female,49,Bengaluru,Bengaluru,South,Corporate,2025-09-12
C13067,Customer 3067,Male,45,Thiruvananthapuram,Thiruvananthapuram,South,Consumer,2025-05-02
C13068,Customer 3068,Female,38,Bhubaneswar,Bhubaneswar,East,Consumer,2025-11-13
C13069,Customer 3069,Male,18,Bengaluru,Bengaluru,South,Consumer,2024-10-14
C13070,Customer 3070,Male,33,Lucknow,Lucknow,North,Consumer,2024-07-24
C13071,Customer 3071,Male,28,Chandigarh,Chandigarh,North,Consumer,2023-06-02
C13072,Customer 3072,Male,38,Pune,Pune,West,Small Business,2024-08-29
C13073,Customer 3073,Female,25,Kochi,Kochi,South,Corporate,2024-02-03
C13074,Customer 3074,Male,23,Hyderabad,Hyderabad,South,Small Business,2023-08-29
C13075,Customer 3075,Female,18,Pune,Pune,West,Small Business,2024-01-24
C13076,Customer 3076,Male,47,Patna,Patna,East,Consumer,2024-05-27
C13077,Customer 3077,Female,30,Ranchi,Ranchi,East,Consumer,2025-09-02
C13078,Customer 3078,Female,36,Chennai,Chennai,South,Consumer,2025-12-24
C13079,Customer 3079,Female,34,Hyderabad,Hyderabad,South,Corporate,2024-02-26
C13080,Customer 3080,Female,22,Ranchi,Ranchi,East,Consumer,2021-07-19
C13081,Customer 3081,Male,20,New Delhi,New Delhi,North,Consumer,2021-11-28
C13082,Customer 3082,Female,23,Kolkata,Kolkata,East,Consumer,2022-07-01
C13083,Customer 3083,Male,26,Bengaluru,Bengaluru,South,Consumer,2025-08-07
C13084,Customer 3084,Male,38,Surat,Surat,West,Consumer,2024-08-08
C13085,Customer 3085,Female,25,Jaipur,Jaipur,North,Small Business,2021-03-07
C13086,Customer 3086,Male,53,Chandigarh,Chandigarh,North,Consumer,2023-01-01
C13087,Customer 3087,Female,45,Pune,Pune,West,Small Business,2022-07-22
C13088,Customer 3088,Female,43,Hyderabad,Hyderabad,South,Consumer,2022-10-19
C13089,Customer 3089,Male,33,Pune,Pune,West,Corporate,2022-02-08
C13090,Customer 3090,Male,51,Hyderabad,Hyderabad,South,Small Business,2025-10-15
C13091,Customer 3091,Male,32,Mumbai,Mumbai,West,Small Business,2025-06-18
C13092,Customer 3092,Female,34,Ranchi,Ranchi,East,Consumer,2022-09-10
C13093,Customer 3093,Female,36,Ahmedabad,Ahmedabad,West,Consumer,2022-08-19
C13094,Customer 3094,Male,42,Chandigarh,Chandigarh,North,Consumer,2022-10-10
C13095,Customer 3095,Male,41,Hyderabad,Hyderabad,South,Consumer,2021-05-26
C13096,Customer 3096,Female,29,Chandigarh,Chandigarh,North,Consumer,2023-01-31
C13097,Customer 3097,Female,28,Patna,Patna,East,Small Business,2025-04-03
C13098,Customer 3098,Male,41,Hyderabad,Hyderabad,South,Consumer,2024-11-26
C13099,Customer 3099,Male,42,Hyderabad,Hyderabad,South,Consumer,2021-05-05
C13100,Customer 3100,Female,30,Ahmedabad,Ahmedabad,West,Consumer,2025-03-18
C13101,Customer 3101,Male,18,Chennai,Chennai,South,Small Business,2024-09-17
C13102,Customer 3102,Male,32,Lucknow,Lucknow,North,Small Business,2022-04-25
C13103,Customer 3103,Female,41,Bhubaneswar,Bhubaneswar,East,Consumer,2023-09-29
C13104,Customer 3104,Female,54,Mumbai,Mumbai,West,Consumer,2022-12-13
C13105,Customer 3105,Male,21,Bengaluru,Bengaluru,South,Corporate,2025-08-01
C13106,Customer 3106,Male,29,Pune,Pune,West,Consumer,2022-12-16
C13107,Customer 3107,Male,30,New Delhi,New Delhi,North,Consumer,2024-11-22
C13108,Customer 3108,Male,49,Bengaluru,Bengaluru,South,Small Business,2025-12-23
C13109,Customer 3109,Female,34,Mumbai,Mumbai,West,Small Business,2023-03-26
C13110,Customer 3110,Male,24,Surat,Surat,West,Consumer,2023-11-20
C13111,Customer 3111,Female,40,Lucknow,Lucknow,North,Consumer,2021-02-25
C13112,Customer 3112,Female,30,Hyderabad,Hyderabad,South,Consumer,2025-07-13
C13113,Customer 3113,Male,21,Jaipur,Jaipur,North,Consumer,2021-05-12
C13114,Customer 3114,Male,24,Thiruvananthapuram,Thiruvananthapuram,South,Consumer,2021-08-19
C13115,Customer 3115,Female,53,Kochi,Kochi,South,Consumer,2022-01-30
C13116,Customer 3116,Female,38,Bhubaneswar,Bhubaneswar,East,Consumer,2024-03-21
C13117,Customer 3117,Female,35,Jaipur,Jaipur,North,Consumer,2025-03-06
C13118,Customer 3118,Male,31,Bengaluru,Bengaluru,South,Consumer,2023-09-09
C13119,Customer 3119,Female,37,Hyderabad,Hyderabad,South,Consumer,2023-08-21
C13120,Customer 3120,Female,37,Kochi,Kochi,South,Consumer,2023-07-22
C13121,Customer 3121,Female,37,Thiruvananthapuram,Thiruvananthapuram,South,Consumer,2025-03-10
C13122,Customer 3122,Male,35,Hyderabad,Hyderabad,South,Consumer,2024-11-10
C13123,Customer 3123,Female,44,Chennai,Chennai,South,Consumer,2023-06-27
C13124,Customer 3124,Female,34,Ahmedabad,Ahmedabad,West,Corporate,2022-06-17
C13125,Customer 3125,Male,23,Jaipur,Jaipur,North,Consumer,2023-08-23
C13126,Customer 3126,Male,27,Pune,Pune,West,Small Business,2022-03-24
C13127,Customer 3127,Male,18,Jaipur,Jaipur,North,Consumer,2025-05-23
C13128,Customer 3128,Male,56,Hyderabad,Hyderabad,South,Consumer,2021-05-06
C13129,Customer 3129,Male,43,Patna,Patna,East,Consumer,2022-07-09
C13130,Customer 3130,Female,25,Lucknow,Lucknow,North,Consumer,2022-11-25
C13131,Customer 3131,Male,31,New Delhi,New Delhi,North,Corporate,2022-05-04
C13132,Customer 3132,Male,27,Lucknow,Lucknow,North,Small Business,2022-09-04
C13133,Customer 3133,Female,51,Bhubaneswar,Bhubaneswar,East,Small Business,2023-06-10
C13134,Customer 3134,Male,18,Pune,Pune,West,Consumer,2022-03-22
C13135,Customer 3135,Male,35,Chennai,Chennai,South,Consumer,2025-02-02
C13136,Customer 3136,Female,33,Ahmedabad,Ahmedabad,West,Consumer,2024-10-04
C13137,Customer 3137,Female,43,Jaipur,Jaipur,North,Consumer,2022-05-23
C13138,Customer 3138,Female,33,Chandigarh,Chandigarh,North,Consumer,2022-04-02
C13139,Customer 3139,Female,18,Mumbai,Mumbai,West,Corporate,2023-09-13
C13140,Customer 3140,Male,31,Kochi,Kochi,South,Small Business,2025-11-11
C13141,Customer 3141,Female,23,Mumbai,Mumbai,West,Consumer,2022-01-20
C13142,Customer 3142,Male,35,Bhubaneswar,Bhubaneswar,East,Consumer,2022-12-13
C13143,Customer 3143,Female,50,Pune,Pune,West,Consumer,2023-07-18
C13144,Customer 3144,Male,18,Mumbai,Mumbai,West,Consumer,2025-01-11
C13145,Customer 3145,Female,25,Hyderabad,Hyderabad,South,Consumer,2025-07-10
C13146,Customer 3146,Female,28,Surat,Surat,West,Small Business,2024-02-13
C13147,Customer 3147,Female,30,Kolkata,Kolkata,East,Consumer,2022-03-28
C13148,Customer 3148,Male,42,Lucknow,Lucknow,North,Consumer,2022-10-16
C13149,Customer 3149,Male,32,Jaipur,Jaipur,North,Consumer,2024-02-17
C13150,Customer 3150,Female,39,Pune,Pune,West,Consumer,2024-01-22
C13151,Customer 3151,Female,27,Lucknow,Lucknow,North,Small Business,2022-06-05
C13152,Customer 3152,Male,37,Thiruvananthapuram,Thiruvananthapuram,South,Consumer,2025-05-28
C13153,Customer 3153,Female,43,Lucknow,Lucknow,North,Small Business,2022-06-22
C13154,Customer 3154,Female,26,Mumbai,Mumbai,West,Consumer,2024-12-27
C13155,Customer 3155,Male,43,Mumbai,Mumbai,West,Corporate,2025-11-10
C13156,Customer 3156,Female,35,Jaipur,Jaipur,North,Consumer,2021-05-25
C13157,Customer 3157,Female,46,Bhubaneswar,Bhubaneswar,East,Consumer,2023-12-28
C13158,Customer 3158,Male,32,Kochi,Kochi,South,Corporate,2022-12-01
C13159,Customer 3159,Male,38,Lucknow,Lucknow,North,Corporate,2021-05-11
C13160,Customer 3160,Female,34,Kochi,Kochi,South,Corporate,2023-01-03
C13161,Customer 3161,Female,33,Ahmedabad,Ahmedabad,West,Consumer,2024-07-28
C13162,Customer 3162,Male,37,Chennai,Chennai,South,Small Business,2025-12-18
C13163,Customer 3163,Female,40,Hyderabad,Hyderabad,South,Small Business,2025-08-03
C13164,Customer 3164,Female,20,Mumbai,Mumbai,West,Consumer,2025-05-09
C13165,Customer 3165,Female,50,Bengaluru,Bengaluru,South,Small Business,2022-05-28
C13166,Customer 3166,Male,18,Ahmedabad,Ahmedabad,West,Consumer,2022-10-02
C13167,Customer 3167,Female,26,Patna,Patna,East,Consumer,2021-01-01
C13168,Customer 3168,Male,33,Thiruvananthapuram,Thiruvananthapuram,South,Consumer,2025-09-05
C13169,Customer 3169,Male,39,Jaipur,Jaipur,North,Small Business,2022-03-08
C13170,Customer 3170,Male,51,Surat,Surat,West,Consumer,2022-01-26
C13171,Customer 3171,Male,18,Chandigarh,Chandigarh,North,Consumer,2024-07-13
C13172,Customer 3172,Female,28,Bengaluru,Bengaluru,South,Consumer,2022-02-03
C13173,Customer 3173,Male,18,Thiruvananthapuram,Thiruvananthapuram,South,Consumer,2023-03-19
C13174,Customer 3174,Female,34,Hyderabad,Hyderabad,South,Consumer,2024-07-03
C13175,Customer 3175,Male,37,Hyderabad,Hyderabad,South,Consumer,2022-01-30
C13176,Customer 3176,Male,51,Bengaluru,Bengaluru,South,Corporate,2023-08-10
C13177,Customer 3177,Other,35,Jaipur,Jaipur,North,Small Business,2021-06-23
C13178,Customer 3178,Female,45,Bhubaneswar,Bhubaneswar,East,Corporate,2023-12-05
C13179,Customer 3179,Male,40,Chandigarh,Chandigarh,North,Corporate,2023-05-05
C13180,Customer 3180,Female,29,Lucknow,Lucknow,North,Consumer,2024-03-10
C13181,Customer 3181,Male,19,Bengaluru,Bengaluru,South,Consumer,2022-06-23
C13182,Customer 3182,Male,37,Thiruvananthapuram,Thiruvananthapuram,South,Consumer,2023-01-15
C13183,Customer 3183,Female,18,Thiruvananthapuram,Thiruvananthapuram,South,Consumer,2022-12-22
C13184,Customer 3184,Female,48,Kochi,Kochi,South,Small Business,2021-02-19
C13185,Customer 3185,Male,32,Surat,Surat,West,Consumer,2023-12-21
C13186,Customer 3186,Female,47,Mumbai,Mumbai,West,Small Business,2021-08-31
C13187,Customer 3187,Female,29,Thiruvananthapuram,Thiruvananthapuram,South,Consumer,2024-07-16
C13188,Customer 3188,Male,37,Hyderabad,Hyderabad,South,Corporate,2024-03-09
C13189,Customer 3189,Female,36,Lucknow,Lucknow,North,Consumer,2024-03-26
C13190,Customer 3190,Female,34,Jaipur,Jaipur,North,Consumer,2022-08-20
C13191,Customer 3191,Female,29,Hyderabad,Hyderabad,South,Corporate,2025-06-08
C13192,Customer 3192,Male,38,Kolkata,Kolkata,East,Consumer,2021-10-03
C13193,Customer 3193,Female,24,Ranchi,Ranchi,East,Corporate,2023-11-21
C13194,Customer 3194,Male,21,Thiruvananthapuram,Thiruvananthapuram,South,Consumer,2021-01-08
C13195,Customer 3195,Female,48,Bengaluru,Bengaluru,South,Consumer,2025-12-21
C13196,Customer 3196,Female,42,Mumbai,Mumbai,West,Small Business,2022-12-16
C13197,Customer 3197,Male,35,Bhubaneswar,Bhubaneswar,East,Consumer,2021-02-02
C13198,Customer 3198,Female,52,Patna,Patna,East,Corporate,2023-03-21
C13199,Customer 3199,Female,31,Bengaluru,Bengaluru,South,Consumer,2025-08-06
C13200,Customer 3200,Female,49,Pune,Pune,West,Consumer,2025-01-15
C13201,Customer 3201,Male,36,Mumbai,Mumbai,West,Consumer,2025-01-12
C13202,Customer 3202,Male,23,Ahmedabad,Ahmedabad,West,Consumer,2023-07-17
C13203,Customer 3203,Female,54,Chennai,Chennai,South,Consumer,2023-05-12
C13204,Customer 3204,Male,45,Kolkata,Kolkata,East,Consumer,2021-02-06
C13205,Customer 3205,Female,33,Lucknow,Lucknow,North,Consumer,2025-08-10
C13206,Customer 3206,Male,42,Jaipur,Jaipur,North,Consumer,2025-10-30
C13207,Customer 3207,Male,30,Bhubaneswar,Bhubaneswar,East,Consumer,2021-02-03
C13208,Customer 3208,Male,43,New Delhi,New Delhi,North,Consumer,2022-03-31
C13209,Customer 3209,Male,18,Ahmedabad,Ahmedabad,West,Consumer,2022-03-20
C13210,Customer 3210,Female,23,Ahmedabad,Ahmedabad,West,Consumer,2024-06-14
C13211,Customer 3211,Male,45,Kochi,Kochi,South,Consumer,2021-07-31
C13212,Customer 3212,Male,31,New Delhi,New Delhi,North,Consumer,2024-03-09
C13213,Customer 3213,Male,36,Kochi,Kochi,South,Consumer,2022-12-03
C13214,Customer 3214,Female,19,Chandigarh,Chandigarh,North,Small Business,2022-08-31
C13215,Customer 3215,Male,54,Chennai,Chennai,South,Corporate,2025-09-26
C13216,Customer 3216,Female,47,Chennai,Chennai,South,Consumer,2023-09-09
C13217,Customer 3217,Female,32,Thiruvananthapuram,Thiruvananthapuram,South,Consumer,2021-12-27
C13218,Customer 3218,Female,30,Chennai,Chennai,South,Corporate,2021-10-31
C13219,Customer 3219,Female,45,Chandigarh,Chandigarh,North,Consumer,2021-10-23
C13220,Customer 3220,Female,56,Chandigarh,Chandigarh,North,Corporate,2021-06-01
C13221,Customer 3221,Female,44,Ahmedabad,Ahmedabad,West,Small Business,2024-05-31
C13222,Customer 3222,Male,58,Hyderabad,Hyderabad,South,Consumer,2024-05-04
C13223,Customer 3223,Male,24,Chennai,Chennai,South,Consumer,2022-08-23
C13224,Customer 3224,Male,25,Kochi,Kochi,South,Corporate,2024-08-15
C13225,Customer 3225,Female,21,Chennai,Chennai,South,Small Business,2025-04-02
C13226,Customer 3226,Female,39,Bhubaneswar,Bhubaneswar,East,Consumer,2025-02-20
C13227,Customer 3227,Female,36,Thiruvananthapuram,Thiruvananthapuram,South,Consumer,2021-07-30
C13228,Customer 3228,Male,32,Chennai,Chennai,South,Consumer,2021-08-20
C13229,Customer 3229,Female,43,Kochi,Kochi,South,Consumer,2023-05-20
C13230,Customer 3230,Male,48,Kochi,Kochi,South,Corporate,2022-11-26
C13231,Customer 3231,Male,18,Ahmedabad,Ahmedabad,West,Small Business,2025-08-25
C13232,Customer 3232,Male,27,Mumbai,Mumbai,West,Consumer,2022-01-02
C13233,Customer 3233,Male,43,Bengaluru,Bengaluru,South,Corporate,2022-04-26
C13234,Customer 3234,Female,29,Bengaluru,Bengaluru,South,Consumer,2025-05-25
C13235,Customer 3235,Male,25,Mumbai,Mumbai,West,Consumer,2022-07-26
C13236,Customer 3236,Male,45,Kochi,Kochi,South,Consumer,2024-04-17
C13237,Customer 3237,Female,20,Bengaluru,Bengaluru,South,Consumer,2025-02-16
C13238,Customer 3238,Female,31,Bhubaneswar,Bhubaneswar,East,Consumer,2025-06-01
C13239,Customer 3239,Female,38,Surat,Surat,West,Consumer,2025-02-27
C13240,Customer 3240,Male,28,Pune,Pune,West,Corporate,2025-04-20
C13241,Customer 3241,Female,43,Mumbai,Mumbai,West,Corporate,2023-07-19
C13242,Customer 3242,Female,28,Mumbai,Mumbai,West,Consumer,2023-11-06
C13243,Customer 3243,Male,49,Ahmedabad,Ahmedabad,West,Consumer,2022-04-11
C13244,Customer 3244,Female,33,Chandigarh,Chandigarh,North,Consumer,2024-11-26
C13245,Customer 3245,Male,41,New Delhi,New Delhi,North,Small Business,2021-10-21
C13246,Customer 3246,Male,42,Chennai,Chennai,South,Consumer,2021-06-20
C13247,Customer 3247,Female,27,Pune,Pune,West,Consumer,2023-11-22
C13248,Customer 3248,Female,18,Surat,Surat,West,Consumer,2021-09-20
C13249,Customer 3249,Male,38,Bhubaneswar,Bhubaneswar,East,Consumer,2024-05-23
C13250,Customer 3250,Female,35,New Delhi,New Delhi,North,Consumer,2022-07-12
C13251,Customer 3251,Female,40,Mumbai,Mumbai,West,Corporate,2021-07-08
C13252,Customer 3252,Female,32,Bengaluru,Bengaluru,South,Corporate,2023-02-25
C13253,Customer 3253,Male,29,Pune,Pune,West,Consumer,2022-08-06
C13254,Customer 3254,Female,56,Thiruvananthapuram,Thiruvananthapuram,South,Consumer,2023-09-29
C13255,Customer 3255,Male,18,Chennai,Chennai,South,Consumer,2022-08-23
C13256,Customer 3256,Female,42,Hyderabad,Hyderabad,South,Small Business,2023-04-26
C13257,Customer 3257,Male,28,Lucknow,Lucknow,North,Consumer,2024-07-08
C13258,Customer 3258,Male,30,Bengaluru,Bengaluru,South,Consumer,2024-04-20
C13259,Customer 3259,Female,31,Ahmedabad,Ahmedabad,West,Consumer,2025-03-09
C13260,Customer 3260,Male,25,Bhubaneswar,Bhubaneswar,East,Consumer,2021-12-08
C13261,Customer 3261,Male,40,Kochi,Kochi,South,Consumer,2023-08-12
C13262,Customer 3262,Male,49,Mumbai,Mumbai,West,Consumer,2021-01-22
C13263,Customer 3263,Female,39,Surat,Surat,West,Consumer,2024-01-03
C13264,Customer 3264,Male,35,Hyderabad,Hyderabad,South,Consumer,2025-06-14
C13265,Customer 3265,Female,23,Chandigarh,Chandigarh,North,Consumer,2021-06-15
C13266,Customer 3266,Male,40,Thiruvananthapuram,Thiruvananthapuram,South,Consumer,2021-08-22
C13267,Customer 3267,Male,58,Mumbai,Mumbai,West,Consumer,2024-10-30
C13268,Customer 3268,Male,30,Ahmedabad,Ahmedabad,West,Consumer,2024-12-27
C13269,Customer 3269,Male,30,Mumbai,Mumbai,West,Consumer,2022-10-03
C13270,Customer 3270,Male,28,Chandigarh,Chandigarh,North,Small Business,2024-09-19
C13271,Customer 3271,Male,29,Kochi,Kochi,South,Consumer,2022-08-30
C13272,Customer 3272,Female,18,Bengaluru,Bengaluru,South,Consumer,2022-06-24
C13273,Customer 3273,Female,38,Chandigarh,Chandigarh,North,Consumer,2023-11-25
C13274,Customer 3274,Male,25,Pune,Pune,West,Consumer,2025-01-07
C13275,Customer 3275,Male,18,New Delhi,New Delhi,North,Consumer,2024-06-08
C13276,Customer 3276,Female,42,New Delhi,New Delhi,North,Corporate,2021-11-14
C13277,Customer 3277,Male,22,Jaipur,Jaipur,North,Consumer,2021-12-09
C13278,Customer 3278,Male,30,Pune,Pune,West,Consumer,2024-12-24
C13279,Customer 3279,Female,50,Bengaluru,Bengaluru,South,Small Business,2023-09-06
C13280,Customer 3280,Female,18,New Delhi,New Delhi,North,Small Business,2022-09-29
C13281,Customer 3281,Female,18,Surat,Surat,West,Small Business,2025-01-29
C13282,Customer 3282,Male,37,Kochi,Kochi,South,Corporate,2021-03-20
C13283,Customer 3283,Male,47,Patna,Patna,East,Small Business,2023-06-12
C13284,Customer 3284,Female,18,Ranchi,Ranchi,East,Consumer,2022-07-27
C13285,Customer 3285,Male,38,Surat,Surat,West,Consumer,2022-03-25
C13286,Customer 3286,Female,40,Chennai,Chennai,South,Consumer,2025-10-19
C13287,Customer 3287,Female,18,Ahmedabad,Ahmedabad,West,Corporate,2021-10-09
C13288,Customer 3288,Male,43,New Delhi,New Delhi,North,Small Business,2022-11-06
C13289,Customer 3289,Female,44,Ranchi,Ranchi,East,Consumer,2021-02-26
C13290,Customer 3290,Female,31,Thiruvananthapuram,Thiruvananthapuram,South,Consumer,2021-07-10
C13291,Customer 3291,Female,48,Bengaluru,Bengaluru,South,Corporate,2022-10-06
C13292,Customer 3292,Male,47,Ranchi,Ranchi,East,Small Business,2025-01-26
C13293,Customer 3293,Male,35,Ahmedabad,Ahmedabad,West,Consumer,2021-02-11
C13294,Customer 3294,Female,29,Pune,Pune,West,Small Business,2025-02-18
C13295,Customer 3295,Male,23,Ranchi,Ranchi,East,Consumer,2024-04-11
C13296,Customer 3296,Female,34,Kochi,Kochi,South,Consumer,2022-11-10
C13297,Customer 3297,Male,40,Lucknow,Lucknow,North,Consumer,2024-06-27
C13298,Customer 3298,Male,30,Chennai,Chennai,South,Consumer,2025-03-14
C13299,Customer 3299,Male,18,Surat,Surat,West,Consumer,2022-05-17
C13300,Customer 3300,Female,48,Lucknow,Lucknow,North,Corporate,2024-05-01
C13301,Customer 3301,Male,36,Pune,Pune,West,Corporate,2023-03-01
C13302,Customer 3302,Male,30,,Patna,East,Corporate,2023-01-20
C13303,Customer 3303,Male,43,Mumbai,Mumbai,West,Consumer,2023-01-12
C13304,Customer 3304,Female,51,Thiruvananthapuram,Thiruvananthapuram,South,Consumer,2021-06-14
C13305,Customer 3305,Male,18,Kochi,Kochi,South,Consumer,2023-01-25
C13306,Customer 3306,Female,39,Kochi,Kochi,South,Consumer,2021-03-31
C13307,Customer 3307,Female,18,Ahmedabad,Ahmedabad,West,Consumer,2025-09-11
C13308,Customer 3308,Male,39,Hyderabad,Hyderabad,South,Consumer,2023-09-14
C13309,Customer 3309,Female,35,Surat,Surat,West,Consumer,2023-12-18
C13310,Customer 3310,Male,41,Pune,Pune,West,Corporate,2024-07-10
C13311,Customer 3311,Female,29,New Delhi,New Delhi,North,Consumer,2022-10-10
C13312,Customer 3312,Female,18,Chandigarh,Chandigarh,North,Small Business,2023-01-20
C13313,Customer 3313,Male,29,Chandigarh,Chandigarh,North,Consumer,2023-03-30
C13314,Customer 3314,Male,38,Hyderabad,Hyderabad,South,Small Business,2021-08-31
C13315,Customer 3315,Male,45,Chennai,Chennai,South,Consumer,2022-10-25
C13316,Customer 3316,Other,21,Jaipur,Jaipur,North,Consumer,2023-05-08
C13317,Customer 3317,Male,45,Surat,Surat,West,Consumer,2025-11-18
C13318,Customer 3318,Female,27,Bengaluru,Bengaluru,South,Corporate,2021-08-07
C13319,Customer 3319,Male,38,New Delhi,New Delhi,North,Consumer,2021-01-09
C13320,Customer 3320,Female,28,Chandigarh,Chandigarh,North,Consumer,2022-03-06
C13321,Customer 3321,Male,36,Mumbai,Mumbai,West,Corporate,2021-01-13
C13322,Customer 3322,Female,44,Hyderabad,Hyderabad,South,Consumer,2025-12-04
C13323,Customer 3323,Male,21,Jaipur,Jaipur,North,Consumer,2023-06-26
C13324,Customer 3324,Female,27,Mumbai,Mumbai,West,Consumer,2023-08-28
C13325,Customer 3325,Male,36,Chandigarh,Chandigarh,North,Consumer,2024-06-02
C13326,Customer 3326,Male,60,Jaipur,Jaipur,North,Consumer,2025-11-02
C13327,Customer 3327,Male,25,Jaipur,Jaipur,North,Consumer,2022-11-21
C13328,Customer 3328,Female,56,Pune,Pune,West,Consumer,2025-11-18
C13329,Customer 3329,Male,56,Thiruvananthapuram,Thiruvananthapuram,South,Consumer,2023-12-27
C13330,Customer 3330,Female,33,Jaipur,Jaipur,North,Corporate,2025-08-20
C13331,Customer 3331,Male,31,Mumbai,Mumbai,West,Consumer,2022-11-08
C13332,Customer 3332,Female,26,Chandigarh,Chandigarh,North,Consumer,2025-03-07
C13333,Customer 3333,Female,33,Kochi,Kochi,South,Consumer,2021-07-03
C13334,Customer 3334,Female,19,Chennai,Chennai,South,Consumer,2023-10-02
C13335,Customer 3335,Male,33,Bhubaneswar,Bhubaneswar,East,Consumer,2021-07-27
C13336,Customer 3336,Male,50,Jaipur,Jaipur,North,Consumer,2022-06-12
C13337,Customer 3337,Male,27,Patna,Patna,East,Consumer,2024-08-16
C13338,Customer 3338,Male,31,Lucknow,Lucknow,North,Small Business,2023-03-29
C13339,Customer 3339,Female,18,Mumbai,Mumbai,West,Consumer,2023-09-30
C13340,Customer 3340,Female,38,New Delhi,New Delhi,North,Consumer,2024-06-18
C13341,Customer 3341,Female,37,Ranchi,Ranchi,East,Consumer,2022-03-31
C13342,Customer 3342,Male,35,Surat,Surat,West,Consumer,2025-11-01
C13343,Customer 3343,Female,32,Lucknow,Lucknow,North,Corporate,2023-06-21
C13344,Customer 3344,Male,31,Bengaluru,Bengaluru,South,Consumer,2025-04-03
C13345,Customer 3345,Female,40,Surat,Surat,West,Consumer,2025-08-10
C13346,Customer 3346,Male,34,New Delhi,New Delhi,North,Consumer,2021-09-01
C13347,Customer 3347,Male,37,Hyderabad,Hyderabad,South,Consumer,2025-05-06
C13348,Customer 3348,Male,36,Hyderabad,Hyderabad,South,Consumer,2023-02-10
C13349,Customer 3349,Female,46,Hyderabad,Hyderabad,South,Consumer,2021-08-26
C13350,Customer 3350,Female,41,Chennai,Chennai,South,Consumer,2024-06-23
C13351,Customer 3351,Male,36,Kochi,Kochi,South,Consumer,2021-12-11
C13352,Customer 3352,Male,51,Surat,Surat,West,Consumer,2025-02-16
C13353,Customer 3353,Female,39,Bhubaneswar,Bhubaneswar,East,Consumer,2021-11-06
C13354,Customer 3354,Female,48,Pune,Pune,West,Consumer,2025-05-04
C13355,Customer 3355,Male,41,Hyderabad,Hyderabad,South,Consumer,2024-07-31
C13356,Customer 3356,Female,18,Hyderabad,Hyderabad,South,Small Business,2021-02-07
C13357,Customer 3357,Other,48,New Delhi,New Delhi,North,Consumer,2025-12-25
C13358,Customer 3358,Female,35,Mumbai,Mumbai,West,Small Business,2021-02-01
C13359,Customer 3359,Male,33,New Delhi,New Delhi,North,Consumer,2024-06-20
C13360,Customer 3360,Female,37,Lucknow,Lucknow,North,Corporate,2025-04-26
C13361,Customer 3361,Female,30,Lucknow,Lucknow,North,Consumer,2021-10-19
C13362,Customer 3362,Male,36,Chennai,Chennai,South,Consumer,2025-06-27
C13363,Customer 3363,Female,27,Lucknow,Lucknow,North,Corporate,2021-10-19
C13364,Customer 3364,Female,48,Chennai,Chennai,South,Small Business,2025-07-01
C13365,Customer 3365,Male,33,Ranchi,Ranchi,East,Consumer,2023-01-28
C13366,Customer 3366,Male,30,Chandigarh,Chandigarh,North,Consumer,2024-11-06
C13367,Customer 3367,Female,24,Kochi,Kochi,South,Consumer,2025-06-11
C13368,Customer 3368,Female,37,Thiruvananthapuram,Thiruvananthapuram,South,Small Business,2022-08-01
C13369,Customer 3369,Male,36,Bengaluru,Bengaluru,South,Consumer,2024-03-07
C13370,Customer 3370,Female,38,Chandigarh,Chandigarh,North,Consumer,2024-05-08
C13371,Customer 3371,Female,23,Thiruvananthapuram,Thiruvananthapuram,South,Corporate,2024-09-20
C13372,Customer 3372,Female,18,Surat,Surat,West,Corporate,2022-08-28
C13373,Customer 3373,Male,41,,Kochi,South,Consumer,2022-03-23
C13374,Customer 3374,Female,50,Chandigarh,Chandigarh,North,Consumer,2024-10-03
C13375,Customer 3375,Male,23,Lucknow,Lucknow,North,Small Business,2021-10-05
C13376,Customer 3376,Male,51,Jaipur,Jaipur,North,Consumer,2023-09-21
C13377,Customer 3377,Female,37,New Delhi,New Delhi,North,Corporate,2022-06-16
C13378,Customer 3378,Male,34,Chennai,Chennai,South,Consumer,2025-12-30
C13379,Customer 3379,Female,30,Bengaluru,Bengaluru,South,Consumer,2024-11-23
C13380,Customer 3380,Male,19,Lucknow,Lucknow,North,Consumer,2024-11-15
C13381,Customer 3381,Male,45,Mumbai,Mumbai,West,Consumer,2023-09-11
C13382,Customer 3382,Male,25,Ahmedabad,Ahmedabad,West,Corporate,2022-08-25
C13383,Customer 3383,Other,25,Bengaluru,Bengaluru,South,Consumer,2022-07-16
C13384,Customer 3384,Female,45,Bengaluru,Bengaluru,South,Consumer,2023-10-31
C13385,Customer 3385,Female,18,Bengaluru,Bengaluru,South,Consumer,2022-08-14
C13386,Customer 3386,Male,18,Ranchi,Ranchi,East,Consumer,2025-04-22
C13387,Customer 3387,Male,34,Kochi,Kochi,South,Consumer,2021-02-28
C13388,Customer 3388,Female,37,Pune,Pune,West,Consumer,2024-01-17
C13389,Customer 3389,Male,39,Thiruvananthapuram,Thiruvananthapuram,South,Consumer,2022-04-04
C13390,Customer 3390,Male,31,Lucknow,Lucknow,North,Corporate,2021-04-14
C13391,Customer 3391,Female,62,Chennai,Chennai,South,Corporate,2023-04-11
C13392,Customer 3392,Male,31,Patna,Patna,East,Consumer,2023-02-28
C13393,Customer 3393,Female,31,Patna,Patna,East,Consumer,2021-04-14
C13394,Customer 3394,Female,25,Chennai,Chennai,South,Consumer,2024-07-01
C13395,Customer 3395,Male,35,Kolkata,Kolkata,East,Consumer,2023-01-12
C13396,Customer 3396,Male,41,Bhubaneswar,Bhubaneswar,East,Corporate,2024-09-20
C13397,Customer 3397,Male,47,Chandigarh,Chandigarh,North,Consumer,2025-01-26
C13398,Customer 3398,Female,18,Jaipur,Jaipur,North,Consumer,2025-04-22
C13399,Customer 3399,Female,31,Chennai,Chennai,South,Consumer,2021-10-28
C13400,Customer 3400,Male,39,Surat,Surat,West,Consumer,2022-10-16
C13401,Customer 3401,Male,40,Hyderabad,Hyderabad,South,Consumer,2022-07-09
C13402,Customer 3402,Female,34,Bengaluru,Bengaluru,South,Consumer,2022-09-20
C13403,Customer 3403,Female,40,Kolkata,Kolkata,East,Consumer,2024-09-26
C13404,Customer 3404,Male,25,Hyderabad,Hyderabad,South,Small Business,2025-02-24
C13405,Customer 3405,Male,51,Jaipur,Jaipur,North,Corporate,2024-01-13
C13406,Customer 3406,Male,45,New Delhi,New Delhi,North,Corporate,2023-07-18
C13407,Customer 3407,Female,19,Patna,Patna,East,Small Business,2024-07-06
C13408,Customer 3408,Female,22,Ranchi,Ranchi,East,Consumer,2021-12-26
C13409,Customer 3409,Male,22,Thiruvananthapuram,Thiruvananthapuram,South,Corporate,2021-03-28
C13410,Customer 3410,Female,41,Hyderabad,Hyderabad,South,Consumer,2022-03-04
C13411,Customer 3411,Male,20,Mumbai,Mumbai,West,Consumer,2022-01-02
C13412,Customer 3412,Male,30,Thiruvananthapuram,Thiruvananthapuram,South,Corporate,2021-12-09
C13413,Customer 3413,Male,39,Thiruvananthapuram,Thiruvananthapuram,South,Consumer,2021-12-13
C13414,Customer 3414,Female,33,Pune,Pune,West,Small Business,2021-04-06
C13415,Customer 3415,Male,37,New Delhi,New Delhi,North,Consumer,2024-07-02
C13416,Customer 3416,Female,22,Pune,Pune,West,Corporate,2024-03-05
C13417,Customer 3417,Male,41,Kochi,Kochi,South,Consumer,2024-06-25
C13418,Customer 3418,Male,27,Chandigarh,Chandigarh,North,Consumer,2025-03-03
C13419,Customer 3419,Male,30,Kochi,Kochi,South,Consumer,2023-06-03
C13420,Customer 3420,Female,37,Bengaluru,Bengaluru,South,Corporate,2022-05-01
C13421,Customer 3421,Male,35,Jaipur,Jaipur,North,Consumer,2024-11-26
C13422,Customer 3422,Female,34,Ahmedabad,Ahmedabad,West,Consumer,2022-08-27
C13423,Customer 3423,Male,26,Lucknow,Lucknow,North,Consumer,2022-02-16
C13424,Customer 3424,Male,31,Chennai,Chennai,South,Consumer,2022-03-24
C13425,Customer 3425,Male,34,Chandigarh,Chandigarh,North,Consumer,2021-09-04
C13426,Customer 3426,Male,19,Mumbai,Mumbai,West,Consumer,2023-02-09
C13427,Customer 3427,Male,29,Mumbai,Mumbai,West,Corporate,2022-11-30
C13428,Customer 3428,Male,38,Pune,Pune,West,Consumer,2022-02-25
C13429,Customer 3429,Female,20,Patna,Patna,East,Consumer,2021-05-04
C13430,Customer 3430,Female,47,Surat,Surat,West,Consumer,2024-07-07
C13431,Customer 3431,Male,48,Surat,Surat,West,Consumer,2024-04-07
C13432,Customer 3432,Male,20,Bhubaneswar,Bhubaneswar,East,Consumer,2023-07-30
C13433,Customer 3433,Male,49,Chandigarh,Chandigarh,North,Corporate,2023-05-27
C13434,Customer 3434,Male,32,Ahmedabad,Ahmedabad,West,Consumer,2024-02-09
C13435,Customer 3435,Male,39,Lucknow,Lucknow,North,Consumer,2024-08-06
C13436,Customer 3436,Female,29,Pune,Pune,West,Consumer,2025-06-11
C13437,Customer 3437,Male,44,Bengaluru,Bengaluru,South,Consumer,2021-01-13
C13438,Customer 3438,Male,38,Mumbai,Mumbai,West,Consumer,2024-07-10
C13439,Customer 3439,Male,25,Patna,Patna,East,Consumer,2023-03-11
C13440,Customer 3440,Male,21,Kolkata,Kolkata,East,Corporate,2023-11-13
C13441,Customer 3441,Female,18,Chennai,Chennai,South,Consumer,2023-08-03
C13442,Customer 3442,Male,36,Mumbai,Mumbai,West,Consumer,2021-07-19
C13443,Customer 3443,Male,40,Thiruvananthapuram,Thiruvananthapuram,South,Consumer,2024-06-19
C13444,Customer 3444,Female,41,Bhubaneswar,Bhubaneswar,East,Consumer,2024-06-16
C13445,Customer 3445,Male,33,Bhubaneswar,Bhubaneswar,East,Small Business,2021-10-30
C13446,Customer 3446,Female,21,Jaipur,Jaipur,North,Consumer,2024-04-03
C13447,Customer 3447,Female,26,Jaipur,Jaipur,North,Small Business,2023-01-08
C13448,Customer 3448,Male,47,Lucknow,Lucknow,North,Consumer,2021-06-25
C13449,Customer 3449,Female,29,Surat,Surat,West,Consumer,2023-11-19
C13450,Customer 3450,Male,36,Hyderabad,Hyderabad,South,Consumer,2022-11-08
C13451,Customer 3451,Female,22,Mumbai,Mumbai,West,Consumer,2022-06-19
C13452,Customer 3452,Male,38,New Delhi,New Delhi,North,Consumer,2024-08-10
C13453,Customer 3453,Male,29,Chandigarh,Chandigarh,North,Consumer,2022-04-22
C13454,Customer 3454,Female,46,Pune,Pune,West,Consumer,2022-01-18
C13455,Customer 3455,Female,43,Bhubaneswar,Bhubaneswar,East,Consumer,2022-07-10
C13456,Customer 3456,Other,29,Hyderabad,Hyderabad,South,Consumer,2025-12-02
C13457,Customer 3457,Female,33,Mumbai,Mumbai,West,Consumer,2025-09-12
C13458,Customer 3458,Male,28,Jaipur,Jaipur,North,Small Business,2024-08-12
C13459,Customer 3459,Male,18,Lucknow,Lucknow,North,Consumer,2025-08-02
C13460,Customer 3460,Male,25,Lucknow,Lucknow,North,Corporate,2021-11-30
C13461,Customer 3461,Male,36,Bengaluru,Bengaluru,South,Consumer,2024-06-25
C13462,Customer 3462,Male,38,Chennai,Chennai,South,Consumer,2024-06-18
C13463,Customer 3463,Female,36,Chandigarh,Chandigarh,North,Consumer,2024-02-04
C13464,Customer 3464,Male,31,Ahmedabad,Ahmedabad,West,Consumer,2023-06-17
C13465,Customer 3465,Male,44,Chennai,Chennai,South,Consumer,2023-07-20
C13466,Customer 3466,Male,35,Lucknow,Lucknow,North,Consumer,2022-11-16
C13467,Customer 3467,Female,42,Pune,Pune,West,Consumer,2022-07-15
C13468,Customer 3468,Female,18,Chandigarh,Chandigarh,North,Consumer,2021-05-03
C13469,Customer 3469,Female,18,Lucknow,Lucknow,North,Corporate,2023-11-25
C13470,Customer 3470,Male,37,Hyderabad,Hyderabad,South,Consumer,2022-09-10
C13471,Customer 3471,Female,18,Hyderabad,Hyderabad,South,Consumer,2023-09-15
C13472,Customer 3472,Male,32,Chandigarh,Chandigarh,North,Consumer,2023-04-20
C13473,Customer 3473,Female,31,Mumbai,Mumbai,West,Corporate,2022-02-20
C13474,Customer 3474,Female,51,New Delhi,New Delhi,North,Consumer,2022-12-09
C13475,Customer 3475,Male,38,Lucknow,Lucknow,North,Consumer,2025-07-03
C13476,Customer 3476,Female,36,Lucknow,Lucknow,North,Small Business,2022-09-29
C13477,Customer 3477,Female,43,Patna,Patna,East,Corporate,2024-09-12
C13478,Customer 3478,Male,38,Mumbai,Mumbai,West,Consumer,2024-08-11
C13479,Customer 3479,Female,29,Surat,Surat,West,Consumer,2024-12-26
C13480,Customer 3480,Male,46,Mumbai,Mumbai,West,Corporate,2021-12-13
C13481,Customer 3481,Male,22,Bengaluru,Bengaluru,South,Corporate,2021-02-06
C13482,Customer 3482,Male,38,Ahmedabad,Ahmedabad,West,Consumer,2025-09-20
C13483,Customer 3483,Male,18,Bengaluru,Bengaluru,South,Consumer,2022-05-27
C13484,Customer 3484,Female,36,Patna,Patna,East,Consumer,2023-04-29
C13485,Customer 3485,Male,36,Ahmedabad,Ahmedabad,West,Consumer,2022-06-19
C13486,Customer 3486,Female,52,Ahmedabad,Ahmedabad,West,Consumer,2023-06-29
C13487,Customer 3487,Male,18,Thiruvananthapuram,Thiruvananthapuram,South,Consumer,2023-02-12
C13488,Customer 3488,Female,27,Thiruvananthapuram,Thiruvananthapuram,South,Small Business,2025-09-26
C13489,Customer 3489,Female,43,Hyderabad,Hyderabad,South,Corporate,2022-10-26
C13490,Customer 3490,Female,38,Pune,Pune,West,Consumer,2023-11-08
C13491,Customer 3491,Male,36,Kochi,Kochi,South,Consumer,2021-01-27
C13492,Customer 3492,Male,23,Surat,Surat,West,Consumer,2022-06-20
C13493,Customer 3493,Male,28,Patna,Patna,East,Consumer,2023-11-19
C13494,Customer 3494,Female,48,Bhubaneswar,Bhubaneswar,East,Consumer,2025-08-02
C13495,Customer 3495,Female,33,New Delhi,New Delhi,North,Consumer,2023-10-05
C13496,Customer 3496,Male,38,Chennai,Chennai,South,Consumer,2022-10-20
C13497,Customer 3497,Male,33,Patna,Patna,East,Consumer,2025-07-17
C13498,Customer 3498,Female,21,Patna,Patna,East,Corporate,2022-10-02
C13499,Customer 3499,Male,44,Chennai,Chennai,South,Consumer,2024-02-15
C13500,Customer 3500,Female,40,Chandigarh,Chandigarh,North,Consumer,2024-03-01
C13501,Customer 3501,Female,59,Chennai,Chennai,South,Corporate,2024-08-05
C13502,Customer 3502,Female,23,New Delhi,New Delhi,North,Consumer,2025-10-08
C13503,Customer 3503,Male,43,Bhubaneswar,Bhubaneswar,East,Consumer,2024-06-13
C13504,Customer 3504,Male,20,Bengaluru,Bengaluru,South,Consumer,2021-02-11
C13505,Customer 3505,Female,36,Bhubaneswar,Bhubaneswar,East,Small Business,2024-03-29
C13506,Customer 3506,Female,45,Surat,Surat,West,Consumer,2025-11-23
C13507,Customer 3507,Male,18,Patna,Patna,East,Consumer,2025-09-11
C13508,Customer 3508,Male,32,Ahmedabad,Ahmedabad,West,,2024-02-23
C13509,Customer 3509,Female,28,Jaipur,Jaipur,North,Consumer,2024-07-07
C13510,Customer 3510,Female,26,Hyderabad,Hyderabad,South,Consumer,2024-07-23
C13511,Customer 3511,Female,38,Thiruvananthapuram,Thiruvananthapuram,South,Consumer,2021-08-01
C13512,Customer 3512,Other,46,Bengaluru,Bengaluru,South,Small Business,2025-02-05
C13513,Customer 3513,Male,33,Kolkata,Kolkata,East,Small Business,2023-04-16
C13514,Customer 3514,Male,36,Chandigarh,Chandigarh,North,Consumer,2022-12-03
C13515,Customer 3515,Female,35,Bhubaneswar,Bhubaneswar,East,Consumer,2025-05-13
C13516,Customer 3516,Female,34,Patna,Patna,East,Consumer,2024-12-25
C13517,Customer 3517,Male,22,Hyderabad,Hyderabad,South,Corporate,2025-10-05
C13518,Customer 3518,Male,46,Pune,Pune,West,Consumer,2021-03-21
C13519,Customer 3519,Female,37,Bengaluru,Bengaluru,South,Consumer,2023-08-13
C13520,Customer 3520,Male,38,Kochi,Kochi,South,Corporate,2024-06-05
C13521,Customer 3521,Male,25,Thiruvananthapuram,Thiruvananthapuram,South,Corporate,2023-06-21
C13522,Customer 3522,Female,29,Ahmedabad,Ahmedabad,West,Consumer,2024-01-24
C13523,Customer 3523,Female,32,Thiruvananthapuram,Thiruvananthapuram,South,Small Business,2022-02-28
C13524,Customer 3524,Female,18,Bengaluru,Bengaluru,South,Small Business,2023-07-08
C13525,Customer 3525,Male,18,Chennai,Chennai,South,Consumer,2022-05-31
C13526,Customer 3526,Female,27,Bengaluru,Bengaluru,South,Consumer,2021-06-14
C13527,Customer 3527,Female,40,Patna,Patna,East,Small Business,2024-12-20
C13528,Customer 3528,Female,27,Lucknow,Lucknow,North,Consumer,2023-09-24
C13529,Customer 3529,Female,23,Patna,Patna,East,Consumer,2023-09-20
C13530,Customer 3530,Male,25,Surat,Surat,West,Consumer,2023-06-12
C13531,Customer 3531,Male,29,Kochi,Kochi,South,Small Business,2023-10-13
C13532,Customer 3532,Male,30,Chandigarh,Chandigarh,North,Corporate,2023-12-02
C13533,Customer 3533,Male,58,Kochi,Kochi,South,Consumer,2025-12-26
C13534,Customer 3534,Female,46,Hyderabad,Hyderabad,South,Small Business,2023-01-11
C13535,Customer 3535,Female,45,Hyderabad,Hyderabad,South,Corporate,2024-11-27
C13536,Customer 3536,Female,47,Hyderabad,Hyderabad,South,Corporate,2023-01-25
C13537,Customer 3537,Female,23,Kochi,Kochi,South,Consumer,2025-10-14
C13538,Customer 3538,Male,21,Chennai,Chennai,South,Consumer,2022-02-20
C13539,Customer 3539,Male,22,Jaipur,Jaipur,North,Consumer,2024-08-16
C13540,Customer 3540,Male,49,Hyderabad,Hyderabad,South,Consumer,2023-12-15
C13541,Customer 3541,Male,28,Kochi,Kochi,South,Consumer,2021-12-02
C13542,Customer 3542,Male,20,Chandigarh,Chandigarh,North,Corporate,2023-05-31
C13543,Customer 3543,Female,29,Hyderabad,Hyderabad,South,Consumer,2024-12-24
C13544,Customer 3544,Other,31,Bengaluru,Bengaluru,South,Corporate,2023-08-30
C13545,Customer 3545,Male,37,Ranchi,Ranchi,East,Consumer,2022-11-16
C13546,Customer 3546,Male,37,Kochi,Kochi,South,Consumer,2025-12-18
C13547,Customer 3547,Female,25,Thiruvananthapuram,Thiruvananthapuram,South,Consumer,2024-09-19
C13548,Customer 3548,Male,42,,Pune,West,,2023-01-11
C13549,Customer 3549,Female,27,Thiruvananthapuram,Thiruvananthapuram,South,Consumer,2024-11-30
C13550,Customer 3550,Female,32,Ahmedabad,Ahmedabad,West,Corporate,2021-01-30
C13551,Customer 3551,Female,42,Chandigarh,Chandigarh,North,Consumer,2025-04-08
C13552,Customer 3552,Male,27,Hyderabad,Hyderabad,South,Consumer,2025-03-21
C13553,Customer 3553,Female,28,Surat,Surat,West,Consumer,2022-07-29
C13554,Customer 3554,Male,41,Pune,Pune,West,Consumer,2021-08-09
C13555,Customer 3555,Female,25,Bengaluru,Bengaluru,South,Consumer,2023-04-07
C13556,Customer 3556,Male,30,Pune,Pune,West,Consumer,2022-08-17
C13557,Customer 3557,Male,40,Kochi,Kochi,South,Consumer,2025-02-26
C13558,Customer 3558,Female,57,Surat,Surat,West,Corporate,2023-01-24
C13559,Customer 3559,Female,41,Bengaluru,Bengaluru,South,Consumer,2024-06-30
C13560,Customer 3560,Female,39,Pune,Pune,West,Corporate,2025-05-07
C13561,Customer 3561,Female,40,Bengaluru,Bengaluru,South,Consumer,2024-09-06
C13562,Customer 3562,Female,22,New Delhi,New Delhi,North,Small Business,2023-11-29
C13563,Customer 3563,Male,35,Kochi,Kochi,South,Consumer,2023-10-18
C13564,Customer 3564,Female,34,Surat,Surat,West,Consumer,2025-01-28
C13565,Customer 3565,Female,38,Ahmedabad,Ahmedabad,West,Consumer,2025-11-30
C13566,Customer 3566,Female,35,Jaipur,Jaipur,North,Small Business,2024-12-05
C13567,Customer 3567,Female,38,Pune,Pune,West,Consumer,2024-12-06
C13568,Customer 3568,Male,31,Jaipur,Jaipur,North,Consumer,2022-05-07
C13569,Customer 3569,Female,35,Chandigarh,Chandigarh,North,Consumer,2022-03-14
C13570,Customer 3570,Male,20,Kolkata,Kolkata,East,Consumer,2022-04-24
C13571,Customer 3571,Male,30,Thiruvananthapuram,Thiruvananthapuram,South,Consumer,2023-02-22
C13572,Customer 3572,Female,49,Surat,Surat,West,Consumer,2023-08-07
C13573,Customer 3573,Male,38,Chandigarh,Chandigarh,North,Consumer,2023-10-05
C13574,Customer 3574,Female,34,Ranchi ,Ranchi,East,Consumer,2021-03-13
C13575,Customer 3575,Male,55,Ranchi,Ranchi,East,Consumer,2022-08-05
C13576,Customer 3576,Male,19,Surat,Surat,West,Consumer,2021-08-08
C13577,Customer 3577,Female,22,Chennai,Chennai,South,Consumer,2023-10-25
C13578,Customer 3578,Female,53,Mumbai,Mumbai,West,Small Business,2023-09-30
C13579,Customer 3579,Female,35,New Delhi,New Delhi,North,Consumer,2021-10-17
C13580,Customer 3580,Female,31,Pune,Pune,West,Corporate,2022-01-15
C13581,Customer 3581,Female,21,Ahmedabad,Ahmedabad,West,Consumer,2023-03-15
C13582,Customer 3582,Male,39,New Delhi,New Delhi,North,Small Business,2024-10-10
C13583,Customer 3583,Male,40,Ahmedabad,Ahmedabad,West,Consumer,2023-01-13
C13584,Customer 3584,Male,22,Bhubaneswar,Bhubaneswar,East,Consumer,2021-03-21
C13585,Customer 3585,Female,32,Mumbai,Mumbai,West,Consumer,2021-03-07
C13586,Customer 3586,Female,30,Kochi,Kochi,South,Corporate,2021-05-16
C13587,Customer 3587,Male,37,Pune,Pune,West,Consumer,2022-02-03
C13588,Customer 3588,Female,22,Jaipur,Jaipur,North,Consumer,2025-09-23
C13589,Customer 3589,Female,48,Bengaluru,Bengaluru,South,Consumer,2021-12-13
C13590,Customer 3590,Male,44,Bengaluru,Bengaluru,South,Consumer,2021-02-28
C13591,Customer 3591,Male,30,Bhubaneswar,Bhubaneswar,East,Consumer,2023-02-17
C13592,Customer 3592,Female,32,Kochi,Kochi,South,Consumer,2022-06-03
C13593,Customer 3593,Female,32,Surat,Surat,West,Consumer,2022-12-15
C13594,Customer 3594,Female,25,Ahmedabad,Ahmedabad,West,Consumer,2023-09-04
C13595,Customer 3595,Male,29,Pune,Pune,West,Corporate,2024-06-14
C13596,Customer 3596,Other,31,New Delhi,New Delhi,North,Consumer,2025-12-09
C13597,Customer 3597,Male,52,Kochi,Kochi,South,Consumer,2021-03-20
C13598,Customer 3598,Male,44,Ahmedabad,Ahmedabad,West,Corporate,2025-05-01
C13599,Customer 3599,Other,44,Ahmedabad,Ahmedabad,West,Consumer,2025-11-14
C13600,Customer 3600,Male,38,Chandigarh,Chandigarh,North,Consumer,2025-12-29
C13601,Customer 3601,Female,22,Hyderabad,Hyderabad,South,Corporate,2025-08-23
C13602,Customer 3602,Male,34,Ahmedabad,Ahmedabad,West,Consumer,2021-04-25
C13603,Customer 3603,Female,45,Chennai,Chennai,South,Consumer,2023-09-13
C13604,Customer 3604,Female,20,Thiruvananthapuram,Thiruvananthapuram,South,Small Business,2025-01-25
C13605,Customer 3605,Male,41,Bengaluru,Bengaluru,South,Small Business,2025-07-08
C13606,Customer 3606,Female,60,Chennai,Chennai,South,Consumer,2021-05-06
C13607,Customer 3607,Male,46,Lucknow,Lucknow,North,Consumer,2025-06-14
C13608,Customer 3608,Female,50,Thiruvananthapuram,Thiruvananthapuram,South,Consumer,2022-07-27
C13609,Customer 3609,Male,36,Bhubaneswar,Bhubaneswar,East,Consumer,2023-08-23
C13610,Customer 3610,Male,45,Ranchi,Ranchi,East,Consumer,2022-05-15
C13611,Customer 3611,Male,26,Mumbai,Mumbai,West,Consumer,2023-04-09
C13612,Customer 3612,Male,43,Thiruvananthapuram,Thiruvananthapuram,South,Small Business,2024-01-31
C13613,Customer 3613,Female,41,Pune,Pune,West,Corporate,2022-09-18
C13614,Customer 3614,Male,37,Jaipur,Jaipur,North,Consumer,2024-04-12
C13615,Customer 3615,Male,48,Pune,Pune,West,Consumer,2022-03-28
C13616,Customer 3616,Male,28,Kochi,Kochi,South,Consumer,2024-01-21
C13617,Customer 3617,Male,32,Pune,Pune,West,Consumer,2025-09-15
C13618,Customer 3618,Female,35,New Delhi,New Delhi,North,Consumer,2022-01-20
C13619,Customer 3619,Female,23,Lucknow,Lucknow,North,Corporate,2024-05-13
C13620,Customer 3620,Male,36,Kochi,Kochi,South,Consumer,2021-12-29
C13621,Customer 3621,Female,18,Chandigarh,Chandigarh,North,Corporate,2025-09-27
C13622,Customer 3622,Female,46,Bengaluru,Bengaluru,South,Consumer,2022-05-13
C13623,Customer 3623,Male,35,Hyderabad,Hyderabad,South,Consumer,2022-06-21
C13624,Customer 3624,Female,28,Kolkata,Kolkata,East,Consumer,2024-06-11
C13625,Customer 3625,Female,25,Hyderabad,Hyderabad,South,Consumer,2021-01-16
C13626,Customer 3626,Female,31,Kochi,Kochi,South,Small Business,2023-09-08
C13627,Customer 3627,Female,42,Kochi,Kochi,South,Corporate,2024-03-10
C13628,Customer 3628,Male,40,Kolkata,Kolkata,East,Consumer,2022-09-12
C13629,Customer 3629,Female,26,New Delhi,New Delhi,North,Consumer,2024-12-14
C13630,Customer 3630,Female,25,Mumbai,Mumbai,West,Consumer,2025-01-19
C13631,Customer 3631,Male,41,Chandigarh,Chandigarh,North,Small Business,2021-10-27
C13632,Customer 3632,Female,26,Chennai,Chennai,South,Corporate,2021-12-05
C13633,Customer 3633,Male,35,Surat,Surat,West,Consumer,2021-10-30
C13634,Customer 3634,Other,35,Kochi,Kochi,South,Consumer,2022-08-15
C13635,Customer 3635,Female,37,Hyderabad,Hyderabad,South,Consumer,2021-03-17
C13636,Customer 3636,Male,43,Ahmedabad,Ahmedabad,West,Consumer,2025-12-17
C13637,Customer 3637,Male,20,Ranchi,Ranchi,East,Consumer,2023-07-03
C13638,Customer 3638,Female,18,Thiruvananthapuram,Thiruvananthapuram,South,Consumer,2023-02-19
C13639,Customer 3639,Male,28,Thiruvananthapuram,Thiruvananthapuram,South,Small Business,2025-07-06
C13640,Customer 3640,Male,54,Kochi,Kochi,South,Consumer,2023-07-10
C13641,Customer 3641,Male,56,Bengaluru,Bengaluru,South,Consumer,2024-09-01
C13642,Customer 3642,Male,54,Ranchi,Ranchi,East,Small Business,2025-03-04
C13643,Customer 3643,Male,32,Mumbai,Mumbai,West,Consumer,2024-01-04
C13644,Customer 3644,Male,18,Ahmedabad,Ahmedabad,West,Consumer,2025-10-16
C13645,Customer 3645,Male,18,Jaipur,Jaipur,North,Consumer,2022-01-01
C13646,Customer 3646,Female,27,Chennai,Chennai,South,Consumer,2025-04-19
C13647,Customer 3647,Female,32,Mumbai,Mumbai,West,Consumer,2022-10-15
C13648,Customer 3648,Male,48,Mumbai,Mumbai,West,Consumer,2023-10-03
C13649,Customer 3649,Male,44,Ahmedabad,Ahmedabad,West,Corporate,2025-08-29
C13650,Customer 3650,Female,37,Kolkata,Kolkata,East,Consumer,2022-01-31
C13651,Customer 3651,Male,24,New Delhi,New Delhi,North,Corporate,2024-06-08
C13652,Customer 3652,Male,23,Surat,Surat,West,Consumer,2023-03-15
C13653,Customer 3653,Male,37,Jaipur,Jaipur,North,Corporate,2023-11-18
C13654,Customer 3654,Female,42,Hyderabad,Hyderabad,South,Consumer,2025-02-07
C13655,Customer 3655,Female,38,Thiruvananthapuram,Thiruvananthapuram,South,Consumer,2024-08-11
C13656,Customer 3656,Female,23,Bengaluru,Bengaluru,South,Consumer,2023-04-25
C13657,Customer 3657,Female,41,Hyderabad,Hyderabad,South,Consumer,2024-12-21
C13658,Customer 3658,Female,39,Pune,Pune,West,Consumer,2023-05-22
C13659,Customer 3659,Male,22,Ahmedabad,Ahmedabad,West,Corporate,2024-01-20
C13660,Customer 3660,Female,25,Ranchi,Ranchi,East,Consumer,2021-04-25
C13661,Customer 3661,Male,42,Ahmedabad,Ahmedabad,West,Consumer,2024-03-28
C13662,Customer 3662,Female,31,Pune,Pune,West,Consumer,2024-07-05
C13663,Customer 3663,Female,51,Kochi,Kochi,South,Corporate,2022-01-08
C13664,Customer 3664,Female,40,Hyderabad,Hyderabad,South,Consumer,2023-04-30
C13665,Customer 3665,Male,29,Surat,Surat,West,Small Business,2021-03-31
C13666,Customer 3666,Male,34,Pune,Pune,West,Small Business,2023-01-27
C13667,Customer 3667,Female,35,Chandigarh,Chandigarh,North,Consumer,2024-08-14
C13668,Customer 3668,Female,26,Bengaluru,Bengaluru,South,Consumer,2021-01-31
C13669,Customer 3669,Female,24,Thiruvananthapuram,Thiruvananthapuram,South,Corporate,2021-12-24
C13670,Customer 3670,Male,42,Mumbai,Mumbai,West,Consumer,2022-04-15
C13671,Customer 3671,Female,43,Kochi,Kochi,South,Consumer,2025-10-30
C13672,Customer 3672,Female,41,Kochi,Kochi,South,Small Business,2024-02-26
C13673,Customer 3673,Female,51,New Delhi,New Delhi,North,Small Business,2025-12-11
C13674,Customer 3674,Female,28,Hyderabad,Hyderabad,South,Small Business,2021-09-27
C13675,Customer 3675,Female,52,Surat,Surat,West,Consumer,2025-03-02
C13676,Customer 3676,Female,24,Thiruvananthapuram,Thiruvananthapuram,South,Consumer,2024-12-07
C13677,Customer 3677,Female,23,Kochi,Kochi,South,Consumer,2021-07-28
C13678,Customer 3678,Female,18,Mumbai,Mumbai,West,Consumer,2022-11-21
C13679,Customer 3679,Male,29,New Delhi,New Delhi,North,Consumer,2024-08-22
C13680,Customer 3680,Male,28,Ahmedabad,Ahmedabad,West,Consumer,2024-04-29
C13681,Customer 3681,Female,40,Jaipur,Jaipur,North,Consumer,2024-10-12
C13682,Customer 3682,Female,37,Chennai,Chennai,South,Corporate,2022-04-02
C13683,Customer 3683,Female,21,Lucknow,Lucknow,North,Corporate,2022-03-25
C13684,Customer 3684,Male,30,Bengaluru,Bengaluru,South,Corporate,2021-03-09
C13685,Customer 3685,Male,30,Chandigarh,Chandigarh,North,Consumer,2025-12-08
C13686,Customer 3686,Female,18,Mumbai,Mumbai,West,Consumer,2025-12-11
C13687,Customer 3687,Female,23,Kolkata,Kolkata,East,Corporate,2023-05-24
C13688,Customer 3688,Male,26,Pune,Pune,West,Consumer,2022-04-12
C13689,Customer 3689,Male,50,Kochi,Kochi,South,Consumer,2024-10-15
C13690,Customer 3690,Female,36,Bengaluru,Bengaluru,South,Consumer,2024-11-11
C13691,Customer 3691,Male,41,Lucknow,Lucknow,North,Consumer,2021-05-08
C13692,Customer 3692,Female,18,Ahmedabad,Ahmedabad,West,Consumer,2025-12-05
C13693,Customer 3693,Male,47,Chandigarh,Chandigarh,North,Corporate,2023-01-03
C13694,Customer 3694,Female,48,Kochi,Kochi,South,Small Business,2025-11-13
C13695,Customer 3695,Female,18,Kochi,Kochi,South,Consumer,2025-02-17
C13696,Customer 3696,Female,26,Kochi,Kochi,South,Consumer,2024-06-21
C13697,Customer 3697,Male,39,Kolkata,Kolkata,East,Corporate,2023-11-09
C13698,Customer 3698,Female,41,Jaipur,Jaipur,North,Consumer,2024-11-20
C13699,Customer 3699,Male,27,Bhubaneswar,Bhubaneswar,East,Consumer,2025-08-18
C13700,Customer 3700,Male,31,Bengaluru,Bengaluru,South,Small Business,2024-06-06
C13701,Customer 3701,Other,27,Ahmedabad,Ahmedabad,West,Corporate,2022-01-03
C13702,Customer 3702,Female,35,Chandigarh,Chandigarh,North,Small Business,2021-02-27
C13703,Customer 3703,Female,47,Hyderabad,Hyderabad,South,Consumer,2024-07-28
C13704,Customer 3704,Male,26,Lucknow,Lucknow,North,Consumer,2022-07-11
C13705,Customer 3705,Male,45,Kolkata,Kolkata,East,Corporate,2024-01-31
C13706,Customer 3706,Male,25,Patna,Patna,East,Consumer,2021-02-17
C13707,Customer 3707,Female,25,Lucknow,Lucknow,North,Corporate,2022-07-16
C13708,Customer 3708,Female,43,Thiruvananthapuram,Thiruvananthapuram,South,Consumer,2022-08-16
C13709,Customer 3709,Female,44,Kochi,Kochi,South,Corporate,2023-03-23
C13710,Customer 3710,Female,43,Ranchi,Ranchi,East,Consumer,2021-02-28
C13711,Customer 3711,Male,20,Chennai,Chennai,South,Consumer,2021-06-10
C13712,Customer 3712,Male,29,Chandigarh,Chandigarh,North,Consumer,2021-04-13
C13713,Customer 3713,Male,43,Lucknow,Lucknow,North,Consumer,2023-04-26
C13714,Customer 3714,Male,34,Surat,Surat,West,Consumer,2022-02-16
C13715,Customer 3715,Male,22,Ranchi,Ranchi,East,Consumer,2023-02-25
C13716,Customer 3716,Female,39,Chennai,Chennai,South,Small Business,2021-07-02
C13717,Customer 3717,Male,26,Thiruvananthapuram,Thiruvananthapuram,South,Consumer,2022-02-21
C13718,Customer 3718,Female,54,Kochi,Kochi,South,Consumer,2024-02-14
C13719,Customer 3719,Male,51,Pune,Pune,West,Consumer,2022-02-03
C13720,Customer 3720,Other,41,Kochi,Kochi,South,Small Business,2023-08-15
C13721,Customer 3721,Female,49,Thiruvananthapuram,Thiruvananthapuram,South,Consumer,2023-02-18
C13722,Customer 3722,Female,35,New Delhi,New Delhi,North,Consumer,2025-08-27
C13723,Customer 3723,Male,42,Ranchi,Ranchi,East,Corporate,2022-10-17
C13724,Customer 3724,Female,50,Hyderabad,Hyderabad,South,Consumer,2022-03-13
C13725,Customer 3725,Female,37,Surat,Surat,West,Consumer,2021-11-14
C13726,Customer 3726,Male,31,Ranchi,Ranchi,East,Consumer,2022-08-29
C13727,Customer 3727,Male,18,Thiruvananthapuram,Thiruvananthapuram,South,Corporate,2024-06-27
C13728,Customer 3728,Male,33,Hyderabad,Hyderabad,South,Consumer,2023-06-30
C13729,Customer 3729,Female,43,Chennai,Chennai,South,Corporate,2025-01-10
C13730,Customer 3730,Female,44,Ahmedabad,Ahmedabad,West,Small Business,2022-05-12
C13731,Customer 3731,Female,40,Hyderabad,Hyderabad,South,Consumer,2024-09-28
C13732,Customer 3732,Male,28,Kolkata,Kolkata,East,Corporate,2022-03-03
C13733,Customer 3733,Male,18,Pune,Pune,West,Consumer,2023-03-29
C13734,Customer 3734,Female,29,Surat,Surat,West,Consumer,2023-10-20
C13735,Customer 3735,Male,31,Chennai,Chennai,South,Consumer,2021-08-28
C13736,Customer 3736,Female,31,Mumbai,Mumbai,West,Small Business,2023-12-19
C13737,Customer 3737,Female,41,Chandigarh,Chandigarh,North,Consumer,2025-03-31
C13738,Customer 3738,Male,56,Chandigarh,Chandigarh,North,Consumer,2023-03-08
C13739,Customer 3739,Female,35,New Delhi,New Delhi,North,Consumer,2021-07-22
C13740,Customer 3740,Male,32,Mumbai,Mumbai,West,Consumer,2025-11-08
C13741,Customer 3741,Female,31,Patna,Patna,East,Consumer,2025-01-29
C13742,Customer 3742,Male,35,Lucknow,Lucknow,North,Consumer,2024-08-12
C13743,Customer 3743,Female,25,New Delhi,New Delhi,North,Consumer,2021-10-14
C13744,Customer 3744,Male,35,Hyderabad,Hyderabad,South,Consumer,2021-03-14
C13745,Customer 3745,Male,39,Hyderabad,Hyderabad,South,Consumer,2022-12-27
C13746,Customer 3746,Female,36,Hyderabad,Hyderabad,South,Consumer,2025-03-27
C13747,Customer 3747,Male,39,Jaipur,Jaipur,North,Corporate,2021-12-03
C13748,Customer 3748,Female,39,Ahmedabad,Ahmedabad,West,Small Business,2025-10-27
C13749,Customer 3749,Male,18,Mumbai,Mumbai,West,Consumer,2024-09-03
C13750,Customer 3750,Female,41,Ranchi,Ranchi,East,Consumer,2021-07-22
C13751,Customer 3751,Male,27,Bhubaneswar,Bhubaneswar,East,Small Business,2021-08-19
C13752,Customer 3752,Female,22,Ranchi,Ranchi,East,Corporate,2023-06-23
C13753,Customer 3753,Male,22,Bengaluru,Bengaluru,South,Consumer,2025-05-06
C13754,Customer 3754,Male,39,Chandigarh,Chandigarh,North,Consumer,2023-12-17
C13755,Customer 3755,Male,32,,Thiruvananthapuram,South,Consumer,2022-10-06
C13756,Customer 3756,Female,18,Hyderabad,Hyderabad,South,Consumer,2024-12-14
C13757,Customer 3757,Male,39,Hyderabad,Hyderabad,South,Consumer,2023-07-04
C13758,Customer 3758,Female,18,Kochi,Kochi,South,Small Business,2021-10-07
C13759,Customer 3759,Female,36,Mumbai,Mumbai,West,Consumer,2023-03-20
C13760,Customer 3760,Male,37,Jaipur,Jaipur,North,Consumer,2024-08-21
C13761,Customer 3761,Female,44,Hyderabad,Hyderabad,South,Corporate,2022-04-11
C13762,Customer 3762,Male,54,Chandigarh,Chandigarh,North,Corporate,2023-01-07
C13763,Customer 3763,Male,19,Surat,Surat,West,Small Business,2024-04-12
C13764,Customer 3764,Female,33,Thiruvananthapuram,Thiruvananthapuram,South,Small Business,2023-03-15
C13765,Customer 3765,Female,31,Mumbai,Mumbai,West,Consumer,2021-09-23
C13766,Customer 3766,Female,39,Chennai,Chennai,South,Small Business,2021-09-04
C13767,Customer 3767,Male,36,Ahmedabad,Ahmedabad,West,Corporate,2021-03-19
C13768,Customer 3768,Male,30,Pune,Pune,West,Consumer,2025-07-29
C13769,Customer 3769,Male,29,Bengaluru,Bengaluru,South,Consumer,2025-08-03
C13770,Customer 3770,Female,22,Bengaluru,Bengaluru,South,Consumer,2023-05-04
C13771,Customer 3771,Female,45,Mumbai,Mumbai,West,Small Business,2021-09-10
C13772,Customer 3772,Female,39,Bhubaneswar,Bhubaneswar,East,Consumer,2022-04-20
C13773,Customer 3773,Male,44,Hyderabad,Hyderabad,South,Consumer,2021-06-25
C13774,Customer 3774,Male,31,Chandigarh,Chandigarh,North,Consumer,2024-12-15
C13775,Customer 3775,Male,27,Chandigarh,Chandigarh,North,,2023-08-29
C13776,Customer 3776,Male,22,Bhubaneswar,Bhubaneswar,East,Consumer,2025-05-15
C13777,Customer 3777,Male,38,New Delhi,New Delhi,North,Consumer,2025-01-24
C13778,Customer 3778,Female,23,Surat,Surat,West,Corporate,2021-09-11
C13779,Customer 3779,Female,54,Chandigarh,Chandigarh,North,Consumer,2025-03-24
C13780,Customer 3780,Female,20,Ranchi,Ranchi,East,Consumer,2023-06-22
C13781,Customer 3781,Male,37,Mumbai,Mumbai,West,Consumer,2021-04-17
C13782,Customer 3782,Male,51,Chennai,Chennai,South,Consumer,2024-04-09
C13783,Customer 3783,Female,41,Chennai,Chennai,South,Consumer,2021-02-27
C13784,Customer 3784,Male,36,Lucknow,Lucknow,North,Consumer,2024-09-22
C13785,Customer 3785,Female,23,New Delhi,New Delhi,North,Consumer,2024-09-27
C13786,Customer 3786,Male,19,,Chennai,South,Consumer,2023-07-31
C13787,Customer 3787,Male,42,Mumbai,Mumbai,West,Consumer,2024-08-06
C13788,Customer 3788,Female,51,Mumbai,Mumbai,West,Consumer,2021-03-25
C13789,Customer 3789,Male,29,Chennai,Chennai,South,Consumer,2024-02-15
C13790,Customer 3790,Female,21,Ranchi,Ranchi,East,Consumer,2022-12-13
C13791,Customer 3791,Female,18,Kochi,Kochi,South,Consumer,2025-04-07
C13792,Customer 3792,Male,23,Hyderabad,Hyderabad,South,Corporate,2024-05-27
C13793,Customer 3793,Male,33,Mumbai,Mumbai,West,Corporate,2025-10-28
C13794,Customer 3794,Female,52,New Delhi,New Delhi,North,Consumer,2025-12-12
C13795,Customer 3795,Female,41,Hyderabad,Hyderabad,South,Consumer,2023-06-20
C13796,Customer 3796,Male,37,Lucknow,Lucknow,North,Consumer,2024-01-31
C13797,Customer 3797,Female,30,Pune,Pune,West,Consumer,2022-10-19
C13798,Customer 3798,Male,28,Chennai,Chennai,South,Corporate,2022-04-01
C13799,Customer 3799,Male,49,Bengaluru,Bengaluru,South,Small Business,2022-10-21
C13800,Customer 3800,Male,36,Ahmedabad,Ahmedabad,West,Corporate,2023-02-12
C13801,Customer 3801,Male,18,Kochi,Kochi,South,Corporate,2023-03-02
C13802,Customer 3802,Male,27,Bhubaneswar,Bhubaneswar,East,Corporate,2023-05-01
C13803,Customer 3803,Other,25,Chandigarh,Chandigarh,North,Consumer,2022-06-10
C13804,Customer 3804,Male,28,Patna,Patna,East,Consumer,2021-09-23
C13805,Customer 3805,Male,40,Hyderabad,Hyderabad,South,Corporate,2024-08-03
C13806,Customer 3806,Male,33,Ranchi,Ranchi,East,Consumer,2021-05-21
C13807,Customer 3807,Female,33,Ahmedabad ,Ahmedabad,West,Consumer,2023-06-14
C13808,Customer 3808,Female,48,Chennai,Chennai,South,Consumer,2022-02-10
C13809,Customer 3809,Male,26,Kochi,Kochi,South,Small Business,2021-10-20
C13810,Customer 3810,Male,55,Kochi,Kochi,South,Consumer,2023-11-21
C13811,Customer 3811,Male,27,Jaipur,Jaipur,North,Consumer,2024-04-09
C13812,Customer 3812,Male,35,Mumbai,Mumbai,West,Small Business,2021-12-21
C13813,Customer 3813,Male,31,Bengaluru,Bengaluru,South,Corporate,2021-07-24
C13814,Customer 3814,Male,35,Ahmedabad,Ahmedabad,West,Small Business,2025-02-10
C13815,Customer 3815,Male,39,Bengaluru,Bengaluru,South,Consumer,2023-09-21
C13816,Customer 3816,Female,39,Ahmedabad,Ahmedabad,West,Consumer,2021-10-18
C13817,Customer 3817,Male,26,Kochi,Kochi,South,Corporate,2021-04-21
C13818,Customer 3818,Female,22,New Delhi,New Delhi,North,Consumer,2023-12-28
C13819,Customer 3819,Female,62,Jaipur,Jaipur,North,Consumer,2025-09-15
C13820,Customer 3820,Female,29,Surat,Surat,West,Consumer,2022-01-08
C13821,Customer 3821,Male,42,Thiruvananthapuram,Thiruvananthapuram,South,Consumer,2021-07-15
C13822,Customer 3822,Male,18,Surat,Surat,West,Consumer,2021-05-06
C13823,Customer 3823,Male,31,New Delhi,New Delhi,North,Consumer,2025-09-07
C13824,Customer 3824,Female,33,Bengaluru,Bengaluru,South,Consumer,2021-09-19
C13825,Customer 3825,Male,39,Hyderabad,Hyderabad,South,Corporate,2023-06-06
C13826,Customer 3826,Female,18,Thiruvananthapuram,Thiruvananthapuram,South,Consumer,2023-07-13
C13827,Customer 3827,Female,36,Pune,Pune,West,Consumer,2025-12-27
C13828,Customer 3828,Male,21,Mumbai,Mumbai,West,Consumer,2021-06-04
C13829,Customer 3829,Female,38,Chandigarh,Chandigarh,North,Consumer,2025-05-24
C13830,Customer 3830,Male,23,Thiruvananthapuram,Thiruvananthapuram,South,Small Business,2021-04-18
C13831,Customer 3831,Male,25,Surat,Surat,West,Consumer,2024-12-17
C13832,Customer 3832,Male,31,Jaipur,Jaipur,North,Corporate,2021-02-04
C13833,Customer 3833,Male,22,Lucknow,Lucknow,North,Consumer,2023-12-04
C13834,Customer 3834,Female,29,Mumbai,Mumbai,West,Consumer,2022-10-17
C13835,Customer 3835,Male,21,Surat,Surat,West,Consumer,2022-12-24
C13836,Customer 3836,Male,18,Kochi,Kochi,South,Consumer,2023-09-25
C13837,Customer 3837,Female,45,Kolkata,Kolkata,East,Consumer,2022-02-20
C13838,Customer 3838,Female,20,Chennai,Chennai,South,Consumer,2023-09-27
C13839,Customer 3839,Male,32,Ranchi,Ranchi,East,Consumer,2021-10-12
C13840,Customer 3840,Female,42,Jaipur,Jaipur,North,Corporate,2025-01-10
C13841,Customer 3841,Female,27,Surat,Surat,West,Corporate,2022-06-02
C13842,Customer 3842,Male,25,Kochi,Kochi,South,Consumer,2025-10-20
C13843,Customer 3843,Male,36,Mumbai,Mumbai,West,Consumer,2021-01-27
C13844,Customer 3844,Male,46,Surat,Surat,West,Consumer,2021-08-15
C13845,Customer 3845,Female,21,Hyderabad,Hyderabad,South,Small Business,2025-12-25
C13846,Customer 3846,Female,32,Chandigarh,Chandigarh,North,Consumer,2024-12-19
C13847,Customer 3847,Female,18,Bhubaneswar,Bhubaneswar,East,Consumer,2025-05-11
C13848,Customer 3848,Female,30,Pune,Pune,West,Consumer,2024-10-23
C13849,Customer 3849,Male,34,Jaipur,Jaipur,North,Consumer,2024-08-26
C13850,Customer 3850,Male,25,Kochi,Kochi,South,Consumer,2023-04-28
C13851,Customer 3851,Male,29,Surat,Surat,West,Consumer,2024-02-03
C13852,Customer 3852,Female,19,Hyderabad,Hyderabad,South,Corporate,2021-01-18
C13853,Customer 3853,Female,35,Ahmedabad,Ahmedabad,West,Corporate,2024-05-13
C13854,Customer 3854,Male,46,Ranchi,Ranchi,East,Consumer,2021-02-12
C13855,Customer 3855,Female,22,Chandigarh,Chandigarh,North,Consumer,2021-03-30
C13856,Customer 3856,Male,27,Hyderabad,Hyderabad,South,Consumer,2022-08-09
C13857,Customer 3857,Male,40,Thiruvananthapuram,Thiruvananthapuram,South,Small Business,2021-06-06
C13858,Customer 3858,Male,47,Ahmedabad,Ahmedabad,West,Corporate,2024-07-13
C13859,Customer 3859,Male,18,Surat,Surat,West,Consumer,2021-05-14
C13860,Customer 3860,Male,32,Lucknow,Lucknow,North,Consumer,2022-04-09
C13861,Customer 3861,Male,37,Lucknow,Lucknow,North,Consumer,2025-06-13
C13862,Customer 3862,Male,33,Surat,Surat,West,Consumer,2025-11-07
C13863,Customer 3863,Male,18,Pune,Pune,West,Consumer,2024-03-01
C13864,Customer 3864,Female,40,Thiruvananthapuram,Thiruvananthapuram,South,Small Business,2023-01-11
C13865,Customer 3865,Male,51,Chennai,Chennai,South,Consumer,2023-11-24
C13866,Customer 3866,Female,35,Hyderabad,Hyderabad,South,Consumer,2021-03-24
C13867,Customer 3867,Male,23,Ahmedabad,Ahmedabad,West,Small Business,2023-07-18
C13868,Customer 3868,Male,28,Lucknow,Lucknow,North,Consumer,2024-03-01
C13869,Customer 3869,Male,53,Jaipur,Jaipur,North,Small Business,2024-12-22
C13870,Customer 3870,Male,44,Thiruvananthapuram,Thiruvananthapuram,South,Consumer,2023-05-16
C13871,Customer 3871,Female,41,Pune,Pune,West,Small Business,2021-07-23
C13872,Customer 3872,Male,38,Hyderabad,Hyderabad,South,Consumer,2025-12-28
C13873,Customer 3873,Female,27,Bengaluru,Bengaluru,South,Consumer,2024-09-21
C13874,Customer 3874,Female,32,Lucknow,Lucknow,North,Consumer,2023-08-20
C13875,Customer 3875,Female,33,Thiruvananthapuram,Thiruvananthapuram,South,Consumer,2022-05-12
C13876,Customer 3876,Female,40,Pune,Pune,West,Consumer,2022-03-18
C13877,Customer 3877,Female,51,Hyderabad,Hyderabad,South,Small Business,2023-04-08
C13878,Customer 3878,Male,46,Patna,Patna,East,Corporate,2024-07-05
C13879,Customer 3879,Female,18,Mumbai,Mumbai,West,Consumer,2024-08-08
C13880,Customer 3880,Male,36,Bengaluru,Bengaluru,South,Consumer,2024-02-23
C13881,Customer 3881,Male,42,Surat,Surat,West,Corporate,2025-08-14
C13882,Customer 3882,Male,41,Chandigarh,Chandigarh,North,Corporate,2023-05-21
C13883,Customer 3883,Female,27,Patna,Patna,East,Consumer,2025-11-18
C13884,Customer 3884,Female,66,Chennai,Chennai,South,Small Business,2024-04-13
C13885,Customer 3885,Male,20,Kolkata,Kolkata,East,Consumer,2025-02-24
C13886,Customer 3886,Female,22,Kolkata,Kolkata,East,Consumer,2023-05-19
C13887,Customer 3887,Male,37,Kolkata,Kolkata,East,Consumer,2021-03-21
C13888,Customer 3888,Male,57,Chandigarh,Chandigarh,North,Corporate,2025-07-01
C13889,Customer 3889,Male,25,Pune,Pune,West,Consumer,2023-03-23
C13890,Customer 3890,Male,31,Mumbai,Mumbai,West,Consumer,2023-07-04
C13891,Customer 3891,Male,46,New Delhi,New Delhi,North,Consumer,2024-08-21
C13892,Customer 3892,Female,34,Pune,Pune,West,Consumer,2025-03-14
C13893,Customer 3893,Female,30,Lucknow,Lucknow,North,Consumer,2024-09-29
C13894,Customer 3894,Male,40,Pune,Pune,West,Consumer,2022-07-24
C13895,Customer 3895,Female,37,Lucknow,Lucknow,North,Consumer,2024-01-20
C13896,Customer 3896,Female,45,Lucknow,Lucknow,North,Consumer,2025-07-29
C13897,Customer 3897,Female,48,Thiruvananthapuram,Thiruvananthapuram,South,Corporate,2023-05-12
C13898,Customer 3898,Female,37,New Delhi,New Delhi,North,Consumer,2021-06-18
C13899,Customer 3899,Male,37,Ahmedabad,Ahmedabad,West,Corporate,2024-09-19
C13900,Customer 3900,Female,36,Jaipur,Jaipur,North,Consumer,2025-07-16
C13901,Customer 3901,Female,39,Mumbai,Mumbai,West,Consumer,2023-10-09
C13902,Customer 3902,Male,35,Ahmedabad,Ahmedabad,West,Consumer,2021-08-24
C13903,Customer 3903,Male,34,Ranchi,Ranchi,East,Consumer,2022-02-03
C13904,Customer 3904,Female,47,Kochi,Kochi,South,Consumer,2022-08-11
C13905,Customer 3905,Male,51,Jaipur,Jaipur,North,Corporate,2023-04-01
C13906,Customer 3906,Other,18,Surat,Surat,West,Small Business,2023-10-10
C13907,Customer 3907,Male,34,Pune,Pune,West,Consumer,2022-04-22
C13908,Customer 3908,Female,26,Hyderabad,Hyderabad,South,Consumer,2025-04-08
C13909,Customer 3909,Male,31,Ahmedabad,Ahmedabad,West,Small Business,2023-04-25
C13910,Customer 3910,Female,38,Kochi,Kochi,South,Consumer,2022-08-08
C13911,Customer 3911,Female,41,Chennai,Chennai,South,Consumer,2024-01-17
C13912,Customer 3912,Male,33,Chennai,Chennai,South,Small Business,2022-09-07
C13913,Customer 3913,Female,18,Chennai,Chennai,South,Small Business,2022-08-29
C13914,Customer 3914,Male,23,Patna,Patna,East,Consumer,2023-08-19
C13915,Customer 3915,Male,44,Kolkata,Kolkata,East,Consumer,2023-02-17
C13916,Customer 3916,Male,18,Mumbai,Mumbai,West,Consumer,2024-06-30
C13917,Customer 3917,Female,47,Lucknow,Lucknow,North,Small Business,2021-12-24
C13918,Customer 3918,Male,40,Thiruvananthapuram,Thiruvananthapuram,South,Small Business,2023-12-18
C13919,Customer 3919,Male,48,Chandigarh,Chandigarh,North,Consumer,2024-11-23
C13920,Customer 3920,Male,32,Jaipur,Jaipur,North,Corporate,2022-06-05
C13921,Customer 3921,Female,18,Patna,Patna,East,Corporate,2022-06-09
C13922,Customer 3922,Female,39,Pune,Pune,West,Consumer,2024-12-11
C13923,Customer 3923,Male,48,Jaipur,Jaipur,North,Corporate,2022-01-28
C13924,Customer 3924,Male,44,Bengaluru,Bengaluru,South,Consumer,2025-07-25
C13925,Customer 3925,Female,27,Ranchi,Ranchi,East,Consumer,2024-05-30
C13926,Customer 3926,Male,35,Thiruvananthapuram,Thiruvananthapuram,South,Consumer,2024-09-14
C13927,Customer 3927,Female,28,Mumbai,Mumbai,West,Corporate,2024-10-27
C13928,Customer 3928,Female,25,Jaipur,Jaipur,North,Consumer,2025-03-15
C13929,Customer 3929,Female,45,Jaipur,Jaipur,North,Consumer,2021-06-02
C13930,Customer 3930,Male,21,Hyderabad,Hyderabad,South,Corporate,2023-06-12
C13931,Customer 3931,Female,24,Kolkata,Kolkata,East,Consumer,2023-09-11
C13932,Customer 3932,Female,22,Chennai,Chennai,South,Small Business,2022-04-25
C13933,Customer 3933,Female,18,Mumbai,Mumbai,West,Consumer,2022-08-06
C13934,Customer 3934,Male,36,Chennai,Chennai,South,Consumer,2023-05-07
C13935,Customer 3935,Male,47,Bengaluru,Bengaluru,South,Consumer,2021-01-20
C13936,Customer 3936,Male,32,Ahmedabad,Ahmedabad,West,Small Business,2022-08-16
C13937,Customer 3937,Female,18,Pune,Pune,West,Consumer,2021-08-16
C13938,Customer 3938,Female,43,Thiruvananthapuram,Thiruvananthapuram,South,Consumer,2024-10-01
C13939,Customer 3939,Male,53,Hyderabad,Hyderabad,South,Corporate,2021-01-19
C13940,Customer 3940,Male,27,Ahmedabad,Ahmedabad,West,Consumer,2022-03-20
C13941,Customer 3941,Male,29,New Delhi,New Delhi,North,Small Business,2025-08-28
C13942,Customer 3942,Female,40,Patna,Patna,East,Corporate,2022-01-03
C13943,Customer 3943,Female,52,Chennai,Chennai,South,Consumer,2023-06-18
C13944,Customer 3944,Male,28,Pune,Pune,West,Consumer,2025-07-01
C13945,Customer 3945,Male,19,Kochi,Kochi,South,Consumer,2023-06-08
C13946,Customer 3946,Male,41,Thiruvananthapuram,Thiruvananthapuram,South,Consumer,2022-12-27
C13947,Customer 3947,Female,43,Lucknow,Lucknow,North,Small Business,2025-11-10
C13948,Customer 3948,Female,34,Mumbai,Mumbai,West,Small Business,2021-05-27
C13949,Customer 3949,Female,28,Hyderabad,Hyderabad,South,Consumer,2025-09-13
C13950,Customer 3950,Male,45,Bengaluru,Bengaluru,South,Consumer,2025-03-08
C13951,Customer 3951,Female,40,Chennai,Chennai,South,Consumer,2022-03-06
C13952,Customer 3952,Male,26,Lucknow,Lucknow,North,Consumer,2023-04-28
C13953,Customer 3953,Female,35,Kolkata,Kolkata,East,Consumer,2025-01-03
C13954,Customer 3954,Male,19,Bengaluru,Bengaluru,South,Consumer,2021-07-17
C13955,Customer 3955,Female,42,Hyderabad,Hyderabad,South,Consumer,2023-09-24
C13956,Customer 3956,Female,31,Bhubaneswar,Bhubaneswar,East,Consumer,2024-08-03
C13957,Customer 3957,Female,29,Bhubaneswar,Bhubaneswar,East,Corporate,2022-07-19
C13958,Customer 3958,Female,34,Mumbai,Mumbai,West,Consumer,2022-01-04
C13959,Customer 3959,Male,34,Hyderabad,Hyderabad,South,Corporate,2024-06-17
C13960,Customer 3960,Male,44,Thiruvananthapuram,Thiruvananthapuram,South,Consumer,2023-03-13
C13961,Customer 3961,Female,41,Surat,Surat,West,Small Business,2024-08-03
C13962,Customer 3962,Male,32,Surat,Surat,West,Consumer,2022-12-01
C13963,Customer 3963,Male,42,Kochi,Kochi,South,Small Business,2024-11-19
C13964,Customer 3964,Male,38,Ahmedabad,Ahmedabad,West,Corporate,2023-09-23
C13965,Customer 3965,Female,29,Thiruvananthapuram,Thiruvananthapuram,South,Consumer,2022-06-02
C13966,Customer 3966,Male,33,Jaipur,Jaipur,North,Consumer,2025-12-24
C13967,Customer 3967,Male,32,Bengaluru,Bengaluru,South,Small Business,2023-02-14
C13968,Customer 3968,Male,40,Bengaluru,Bengaluru,South,Corporate,2022-07-15
C13969,Customer 3969,Male,30,Ahmedabad,Ahmedabad,West,Small Business,2025-10-02
C13970,Customer 3970,Female,30,Ahmedabad,Ahmedabad,West,Corporate,2021-03-01
C13971,Customer 3971,Other,56,Bhubaneswar,Bhubaneswar,East,Consumer,2022-06-29
C13972,Customer 3972,Female,44,Surat,Surat,West,Consumer,2023-10-14
C13973,Customer 3973,Male,26,Hyderabad,Hyderabad,South,Consumer,2021-10-30
C13974,Customer 3974,Female,40,New Delhi,New Delhi,North,Small Business,2024-06-21
C13975,Customer 3975,Female,35,Kochi,Kochi,South,Consumer,2025-09-04
C13976,Customer 3976,Male,38,Patna,Patna,East,Consumer,2024-05-15
C13977,Customer 3977,Female,36,Surat,Surat,West,Corporate,2024-10-30
C13978,Customer 3978,Female,47,Pune,Pune,West,Corporate,2021-10-10
C13979,Customer 3979,Female,38,Hyderabad,Hyderabad,South,Consumer,2022-04-23
C13980,Customer 3980,Female,33,Pune,Pune,West,Consumer,2023-11-12
C13981,Customer 3981,Male,45,New Delhi,New Delhi,North,Consumer,2022-07-13
C13982,Customer 3982,Male,37,Lucknow,Lucknow,North,Consumer,2021-12-15
C13983,Customer 3983,Female,35,Chennai,Chennai,South,Corporate,2025-02-21
C13984,Customer 3984,Male,37,Kochi,Kochi,South,Consumer,2022-11-01
C13985,Customer 3985,Male,33,Chandigarh,Chandigarh,North,Corporate,2021-09-15
C13986,Customer 3986,Female,34,Patna,Patna,East,Corporate,2022-10-17
C13987,Customer 3987,Female,28,Hyderabad,Hyderabad,South,Consumer,2023-12-07
C13988,Customer 3988,Male,26,Ahmedabad,Ahmedabad,West,Consumer,2023-11-17
C13989,Customer 3989,Female,23,Kochi,Kochi,South,Consumer,2023-11-17
C13990,Customer 3990,Female,19,Patna,Patna,East,Consumer,2024-11-21
C13991,Customer 3991,Female,24,Hyderabad,Hyderabad,South,Consumer,2021-05-25
C13992,Customer 3992,Male,32,Hyderabad,Hyderabad,South,Corporate,2022-08-10
C13993,Customer 3993,Male,35,Chandigarh,Chandigarh,North,Consumer,2025-09-19
C13994,Customer 3994,Male,31,Chennai,Chennai,South,Corporate,2022-06-06
C13995,Customer 3995,Male,18,Mumbai,Mumbai,West,Consumer,2024-02-19
C13996,Customer 3996,Male,51,Ahmedabad,Ahmedabad,West,Consumer,2023-03-12
C13997,Customer 3997,Male,46,Thiruvananthapuram,Thiruvananthapuram,South,,2025-01-25
C13998,Customer 3998,Male,39,Ahmedabad,Ahmedabad,West,Consumer,2025-08-28
C13999,Customer 3999,Female,55,Mumbai,Mumbai,West,Consumer,2022-01-17
C14000,Customer 4000,Male,23,Kochi,Kochi,South,Consumer,2023-02-15
